Country,Production,Consumption
Algeria,15536,2987
Algeria,15536,2958
Algeria,15536,3047
Algeria,15536,3041
Algeria,15536,3048
Algeria,15536,3110
Algeria,15536,3142
Algeria,15536,3217
Algeria,15536,3272
Algeria,15536,3296
Algeria,15667,2987
Algeria,15667,2958
Algeria,15667,3047
Algeria,15667,3041
Algeria,15667,3048
Algeria,15667,3110
Algeria,15667,3142
Algeria,15667,3217
Algeria,15667,3272
Algeria,15667,3296
Algeria,16417,2987
Algeria,16417,2958
Algeria,16417,3047
Algeria,16417,3041
Algeria,16417,3048
Algeria,16417,3110
Algeria,16417,3142
Algeria,16417,3217
Algeria,16417,3272
Algeria,16417,3296
Algeria,14763,2987
Algeria,14763,2958
Algeria,14763,3047
Algeria,14763,3041
Algeria,14763,3048
Algeria,14763,3110
Algeria,14763,3142
Algeria,14763,3217
Algeria,14763,3272
Algeria,14763,3296
Algeria,13841,2987
Algeria,13841,2958
Algeria,13841,3047
Algeria,13841,3041
Algeria,13841,3048
Algeria,13841,3110
Algeria,13841,3142
Algeria,13841,3217
Algeria,13841,3272
Algeria,13841,3296
Algeria,19820,2987
Algeria,19820,2958
Algeria,19820,3047
Algeria,19820,3041
Algeria,19820,3048
Algeria,19820,3110
Algeria,19820,3142
Algeria,19820,3217
Algeria,19820,3272
Algeria,19820,3296
Algeria,20263,2987
Algeria,20263,2958
Algeria,20263,3047
Algeria,20263,3041
Algeria,20263,3048
Algeria,20263,3110
Algeria,20263,3142
Algeria,20263,3217
Algeria,20263,3272
Algeria,20263,3296
Algeria,21778,2987
Algeria,21778,2958
Algeria,21778,3047
Algeria,21778,3041
Algeria,21778,3048
Algeria,21778,3110
Algeria,21778,3142
Algeria,21778,3217
Algeria,21778,3272
Algeria,21778,3296
Algeria,24206,2987
Algeria,24206,2958
Algeria,24206,3047
Algeria,24206,3041
Algeria,24206,3048
Algeria,24206,3110
Algeria,24206,3142
Algeria,24206,3217
Algeria,24206,3272
Algeria,24206,3296
Algeria,26359,2987
Algeria,26359,2958
Algeria,26359,3047
Algeria,26359,3041
Algeria,26359,3048
Algeria,26359,3110
Algeria,26359,3142
Algeria,26359,3217
Algeria,26359,3272
Algeria,26359,3296
Angola,13028,2030
Angola,13028,2077
Angola,13028,2119
Angola,13028,2173
Angola,13028,2245
Angola,13028,2303
Angola,13028,2345
Angola,13028,2407
Angola,13028,2384
Angola,13028,2473
Angola,13811,2030
Angola,13811,2077
Angola,13811,2119
Angola,13811,2173
Angola,13811,2245
Angola,13811,2303
Angola,13811,2345
Angola,13811,2407
Angola,13811,2384
Angola,13811,2473
Angola,14264,2030
Angola,14264,2077
Angola,14264,2119
Angola,14264,2173
Angola,14264,2245
Angola,14264,2303
Angola,14264,2345
Angola,14264,2407
Angola,14264,2384
Angola,14264,2473
Angola,16025,2030
Angola,16025,2077
Angola,16025,2119
Angola,16025,2173
Angola,16025,2245
Angola,16025,2303
Angola,16025,2345
Angola,16025,2407
Angola,16025,2384
Angola,16025,2473
Angola,17288,2030
Angola,17288,2077
Angola,17288,2119
Angola,17288,2173
Angola,17288,2245
Angola,17288,2303
Angola,17288,2345
Angola,17288,2407
Angola,17288,2384
Angola,17288,2473
Angola,22244,2030
Angola,22244,2077
Angola,22244,2119
Angola,22244,2173
Angola,22244,2245
Angola,22244,2303
Angola,22244,2345
Angola,22244,2407
Angola,22244,2384
Angola,22244,2473
Angola,23805,2030
Angola,23805,2077
Angola,23805,2119
Angola,23805,2173
Angola,23805,2245
Angola,23805,2303
Angola,23805,2345
Angola,23805,2407
Angola,23805,2384
Angola,23805,2473
Angola,25672,2030
Angola,25672,2077
Angola,25672,2119
Angola,25672,2173
Angola,25672,2245
Angola,25672,2303
Angola,25672,2345
Angola,25672,2407
Angola,25672,2384
Angola,25672,2473
Angola,20505,2030
Angola,20505,2077
Angola,20505,2119
Angola,20505,2173
Angola,20505,2245
Angola,20505,2303
Angola,20505,2345
Angola,20505,2407
Angola,20505,2384
Angola,20505,2473
Angola,28857,2030
Angola,28857,2077
Angola,28857,2119
Angola,28857,2173
Angola,28857,2245
Angola,28857,2303
Angola,28857,2345
Angola,28857,2407
Angola,28857,2384
Angola,28857,2473
Benin,7963,2461
Benin,7963,2435
Benin,7963,2450
Benin,7963,2564
Benin,7963,2521
Benin,7963,2565
Benin,7963,2555
Benin,7963,2598
Benin,7963,2610
Benin,7963,2619
Benin,7764,2461
Benin,7764,2435
Benin,7764,2450
Benin,7764,2564
Benin,7764,2521
Benin,7764,2565
Benin,7764,2555
Benin,7764,2598
Benin,7764,2610
Benin,7764,2619
Benin,7110,2461
Benin,7110,2435
Benin,7110,2450
Benin,7110,2564
Benin,7110,2521
Benin,7110,2565
Benin,7110,2555
Benin,7110,2598
Benin,7110,2610
Benin,7110,2619
Benin,7679,2461
Benin,7679,2435
Benin,7679,2450
Benin,7679,2564
Benin,7679,2521
Benin,7679,2565
Benin,7679,2555
Benin,7679,2598
Benin,7679,2610
Benin,7679,2619
Benin,8723,2461
Benin,8723,2435
Benin,8723,2450
Benin,8723,2564
Benin,8723,2521
Benin,8723,2565
Benin,8723,2555
Benin,8723,2598
Benin,8723,2610
Benin,8723,2619
Benin,9235,2461
Benin,9235,2435
Benin,9235,2450
Benin,9235,2564
Benin,9235,2521
Benin,9235,2565
Benin,9235,2555
Benin,9235,2598
Benin,9235,2610
Benin,9235,2619
Benin,9200,2461
Benin,9200,2435
Benin,9200,2450
Benin,9200,2564
Benin,9200,2521
Benin,9200,2565
Benin,9200,2555
Benin,9200,2598
Benin,9200,2610
Benin,9200,2619
Benin,9735,2461
Benin,9735,2435
Benin,9735,2450
Benin,9735,2564
Benin,9735,2521
Benin,9735,2565
Benin,9735,2555
Benin,9735,2598
Benin,9735,2610
Benin,9735,2619
Benin,9797,2461
Benin,9797,2435
Benin,9797,2450
Benin,9797,2564
Benin,9797,2521
Benin,9797,2565
Benin,9797,2555
Benin,9797,2598
Benin,9797,2610
Benin,9797,2619
Benin,10866,2461
Benin,10866,2435
Benin,10866,2450
Benin,10866,2564
Benin,10866,2521
Benin,10866,2565
Benin,10866,2555
Benin,10866,2598
Benin,10866,2610
Benin,10866,2619
Botswana,461,2191
Botswana,461,2198
Botswana,461,2150
Botswana,461,2166
Botswana,461,2184
Botswana,461,2199
Botswana,461,2234
Botswana,461,2273
Botswana,461,2342
Botswana,461,2326
Botswana,460,2191
Botswana,460,2198
Botswana,460,2150
Botswana,460,2166
Botswana,460,2184
Botswana,460,2199
Botswana,460,2234
Botswana,460,2273
Botswana,460,2342
Botswana,460,2326
Botswana,454,2191
Botswana,454,2198
Botswana,454,2150
Botswana,454,2166
Botswana,454,2184
Botswana,454,2199
Botswana,454,2234
Botswana,454,2273
Botswana,454,2342
Botswana,454,2326
Botswana,439,2191
Botswana,439,2198
Botswana,439,2150
Botswana,439,2166
Botswana,439,2184
Botswana,439,2199
Botswana,439,2234
Botswana,439,2273
Botswana,439,2342
Botswana,439,2326
Botswana,470,2191
Botswana,470,2198
Botswana,470,2150
Botswana,470,2166
Botswana,470,2184
Botswana,470,2199
Botswana,470,2234
Botswana,470,2273
Botswana,470,2342
Botswana,470,2326
Botswana,484,2191
Botswana,484,2198
Botswana,484,2150
Botswana,484,2166
Botswana,484,2184
Botswana,484,2199
Botswana,484,2234
Botswana,484,2273
Botswana,484,2342
Botswana,484,2326
Botswana,503,2191
Botswana,503,2198
Botswana,503,2150
Botswana,503,2166
Botswana,503,2184
Botswana,503,2199
Botswana,503,2234
Botswana,503,2273
Botswana,503,2342
Botswana,503,2326
Botswana,539,2191
Botswana,539,2198
Botswana,539,2150
Botswana,539,2166
Botswana,539,2184
Botswana,539,2199
Botswana,539,2234
Botswana,539,2273
Botswana,539,2342
Botswana,539,2326
Botswana,496,2191
Botswana,496,2198
Botswana,496,2150
Botswana,496,2166
Botswana,496,2184
Botswana,496,2199
Botswana,496,2234
Botswana,496,2273
Botswana,496,2342
Botswana,496,2326
Botswana,502,2191
Botswana,502,2198
Botswana,502,2150
Botswana,502,2166
Botswana,502,2184
Botswana,502,2199
Botswana,502,2234
Botswana,502,2273
Botswana,502,2342
Botswana,502,2326
Burkina Faso,8323,2505
Burkina Faso,8323,2463
Burkina Faso,8323,2559
Burkina Faso,8323,2546
Burkina Faso,8323,2588
Burkina Faso,8323,2639
Burkina Faso,8323,2681
Burkina Faso,8323,2664
Burkina Faso,8323,2707
Burkina Faso,8323,2720
Burkina Faso,9392,2505
Burkina Faso,9392,2463
Burkina Faso,9392,2559
Burkina Faso,9392,2546
Burkina Faso,9392,2588
Burkina Faso,9392,2639
Burkina Faso,9392,2681
Burkina Faso,9392,2664
Burkina Faso,9392,2707
Burkina Faso,9392,2720
Burkina Faso,9393,2505
Burkina Faso,9393,2463
Burkina Faso,9393,2559
Burkina Faso,9393,2546
Burkina Faso,9393,2588
Burkina Faso,9393,2639
Burkina Faso,9393,2681
Burkina Faso,9393,2664
Burkina Faso,9393,2707
Burkina Faso,9393,2720
Burkina Faso,8467,2505
Burkina Faso,8467,2463
Burkina Faso,8467,2559
Burkina Faso,8467,2546
Burkina Faso,8467,2588
Burkina Faso,8467,2639
Burkina Faso,8467,2681
Burkina Faso,8467,2664
Burkina Faso,8467,2707
Burkina Faso,8467,2720
Burkina Faso,10373,2505
Burkina Faso,10373,2463
Burkina Faso,10373,2559
Burkina Faso,10373,2546
Burkina Faso,10373,2588
Burkina Faso,10373,2639
Burkina Faso,10373,2681
Burkina Faso,10373,2664
Burkina Faso,10373,2707
Burkina Faso,10373,2720
Burkina Faso,9607,2505
Burkina Faso,9607,2463
Burkina Faso,9607,2559
Burkina Faso,9607,2546
Burkina Faso,9607,2588
Burkina Faso,9607,2639
Burkina Faso,9607,2681
Burkina Faso,9607,2664
Burkina Faso,9607,2707
Burkina Faso,9607,2720
Burkina Faso,11122,2505
Burkina Faso,11122,2463
Burkina Faso,11122,2559
Burkina Faso,11122,2546
Burkina Faso,11122,2588
Burkina Faso,11122,2639
Burkina Faso,11122,2681
Burkina Faso,11122,2664
Burkina Faso,11122,2707
Burkina Faso,11122,2720
Burkina Faso,9954,2505
Burkina Faso,9954,2463
Burkina Faso,9954,2559
Burkina Faso,9954,2546
Burkina Faso,9954,2588
Burkina Faso,9954,2639
Burkina Faso,9954,2681
Burkina Faso,9954,2664
Burkina Faso,9954,2707
Burkina Faso,9954,2720
Burkina Faso,11634,2505
Burkina Faso,11634,2463
Burkina Faso,11634,2559
Burkina Faso,11634,2546
Burkina Faso,11634,2588
Burkina Faso,11634,2639
Burkina Faso,11634,2681
Burkina Faso,11634,2664
Burkina Faso,11634,2707
Burkina Faso,11634,2720
Burkina Faso,11864,2505
Burkina Faso,11864,2463
Burkina Faso,11864,2559
Burkina Faso,11864,2546
Burkina Faso,11864,2588
Burkina Faso,11864,2639
Burkina Faso,11864,2681
Burkina Faso,11864,2664
Burkina Faso,11864,2707
Burkina Faso,11864,2720
Cabo Verde,148,2523
Cabo Verde,148,2517
Cabo Verde,148,2513
Cabo Verde,148,2574
Cabo Verde,148,2540
Cabo Verde,148,2558
Cabo Verde,148,2524
Cabo Verde,148,2566
Cabo Verde,148,2590
Cabo Verde,148,2609
Cabo Verde,156,2523
Cabo Verde,156,2517
Cabo Verde,156,2513
Cabo Verde,156,2574
Cabo Verde,156,2540
Cabo Verde,156,2558
Cabo Verde,156,2524
Cabo Verde,156,2566
Cabo Verde,156,2590
Cabo Verde,156,2609
Cabo Verde,158,2523
Cabo Verde,158,2517
Cabo Verde,158,2513
Cabo Verde,158,2574
Cabo Verde,158,2540
Cabo Verde,158,2558
Cabo Verde,158,2524
Cabo Verde,158,2566
Cabo Verde,158,2590
Cabo Verde,158,2609
Cabo Verde,157,2523
Cabo Verde,157,2517
Cabo Verde,157,2513
Cabo Verde,157,2574
Cabo Verde,157,2540
Cabo Verde,157,2558
Cabo Verde,157,2524
Cabo Verde,157,2566
Cabo Verde,157,2590
Cabo Verde,157,2609
Cabo Verde,172,2523
Cabo Verde,172,2517
Cabo Verde,172,2513
Cabo Verde,172,2574
Cabo Verde,172,2540
Cabo Verde,172,2558
Cabo Verde,172,2524
Cabo Verde,172,2566
Cabo Verde,172,2590
Cabo Verde,172,2609
Cabo Verde,158,2523
Cabo Verde,158,2517
Cabo Verde,158,2513
Cabo Verde,158,2574
Cabo Verde,158,2540
Cabo Verde,158,2558
Cabo Verde,158,2524
Cabo Verde,158,2566
Cabo Verde,158,2590
Cabo Verde,158,2609
Cabo Verde,149,2523
Cabo Verde,149,2517
Cabo Verde,149,2513
Cabo Verde,149,2574
Cabo Verde,149,2540
Cabo Verde,149,2558
Cabo Verde,149,2524
Cabo Verde,149,2566
Cabo Verde,149,2590
Cabo Verde,149,2609
Cabo Verde,181,2523
Cabo Verde,181,2517
Cabo Verde,181,2513
Cabo Verde,181,2574
Cabo Verde,181,2540
Cabo Verde,181,2558
Cabo Verde,181,2524
Cabo Verde,181,2566
Cabo Verde,181,2590
Cabo Verde,181,2609
Cabo Verde,187,2523
Cabo Verde,187,2517
Cabo Verde,187,2513
Cabo Verde,187,2574
Cabo Verde,187,2540
Cabo Verde,187,2558
Cabo Verde,187,2524
Cabo Verde,187,2566
Cabo Verde,187,2590
Cabo Verde,187,2609
Cabo Verde,192,2523
Cabo Verde,192,2517
Cabo Verde,192,2513
Cabo Verde,192,2574
Cabo Verde,192,2540
Cabo Verde,192,2558
Cabo Verde,192,2524
Cabo Verde,192,2566
Cabo Verde,192,2590
Cabo Verde,192,2609
Cameroon,13739,2246
Cameroon,13739,2311
Cameroon,13739,2354
Cameroon,13739,2378
Cameroon,13739,2446
Cameroon,13739,2492
Cameroon,13739,2510
Cameroon,13739,2573
Cameroon,13739,2622
Cameroon,13739,2671
Cameroon,16033,2246
Cameroon,16033,2311
Cameroon,16033,2354
Cameroon,16033,2378
Cameroon,16033,2446
Cameroon,16033,2492
Cameroon,16033,2510
Cameroon,16033,2573
Cameroon,16033,2622
Cameroon,16033,2671
Cameroon,16962,2246
Cameroon,16962,2311
Cameroon,16962,2354
Cameroon,16962,2378
Cameroon,16962,2446
Cameroon,16962,2492
Cameroon,16962,2510
Cameroon,16962,2573
Cameroon,16962,2622
Cameroon,16962,2671
Cameroon,17657,2246
Cameroon,17657,2311
Cameroon,17657,2354
Cameroon,17657,2378
Cameroon,17657,2446
Cameroon,17657,2492
Cameroon,17657,2510
Cameroon,17657,2573
Cameroon,17657,2622
Cameroon,17657,2671
Cameroon,18459,2246
Cameroon,18459,2311
Cameroon,18459,2354
Cameroon,18459,2378
Cameroon,18459,2446
Cameroon,18459,2492
Cameroon,18459,2510
Cameroon,18459,2573
Cameroon,18459,2622
Cameroon,18459,2671
Cameroon,20729,2246
Cameroon,20729,2311
Cameroon,20729,2354
Cameroon,20729,2378
Cameroon,20729,2446
Cameroon,20729,2492
Cameroon,20729,2510
Cameroon,20729,2573
Cameroon,20729,2622
Cameroon,20729,2671
Cameroon,22310,2246
Cameroon,22310,2311
Cameroon,22310,2354
Cameroon,22310,2378
Cameroon,22310,2446
Cameroon,22310,2492
Cameroon,22310,2510
Cameroon,22310,2573
Cameroon,22310,2622
Cameroon,22310,2671
Cameroon,22964,2246
Cameroon,22964,2311
Cameroon,22964,2354
Cameroon,22964,2378
Cameroon,22964,2446
Cameroon,22964,2492
Cameroon,22964,2510
Cameroon,22964,2573
Cameroon,22964,2622
Cameroon,22964,2671
Cameroon,24044,2246
Cameroon,24044,2311
Cameroon,24044,2354
Cameroon,24044,2378
Cameroon,24044,2446
Cameroon,24044,2492
Cameroon,24044,2510
Cameroon,24044,2573
Cameroon,24044,2622
Cameroon,24044,2671
Cameroon,24773,2246
Cameroon,24773,2311
Cameroon,24773,2354
Cameroon,24773,2378
Cameroon,24773,2446
Cameroon,24773,2492
Cameroon,24773,2510
Cameroon,24773,2573
Cameroon,24773,2622
Cameroon,24773,2671
Central African Republic,2242,1989
Central African Republic,2242,2026
Central African Republic,2242,2029
Central African Republic,2242,2090
Central African Republic,2242,2133
Central African Republic,2242,2139
Central African Republic,2242,2164
Central African Republic,2242,2154
Central African Republic,2242,2116
Central African Republic,2242,1879
Central African Republic,2293,1989
Central African Republic,2293,2026
Central African Republic,2293,2029
Central African Republic,2293,2090
Central African Republic,2293,2133
Central African Republic,2293,2139
Central African Republic,2293,2164
Central African Republic,2293,2154
Central African Republic,2293,2116
Central African Republic,2293,1879
Central African Republic,2329,1989
Central African Republic,2329,2026
Central African Republic,2329,2029
Central African Republic,2329,2090
Central African Republic,2329,2133
Central African Republic,2329,2139
Central African Republic,2329,2164
Central African Republic,2329,2154
Central African Republic,2329,2116
Central African Republic,2329,1879
Central African Republic,2426,1989
Central African Republic,2426,2026
Central African Republic,2426,2029
Central African Republic,2426,2090
Central African Republic,2426,2133
Central African Republic,2426,2139
Central African Republic,2426,2164
Central African Republic,2426,2154
Central African Republic,2426,2116
Central African Republic,2426,1879
Central African Republic,2494,1989
Central African Republic,2494,2026
Central African Republic,2494,2029
Central African Republic,2494,2090
Central African Republic,2494,2133
Central African Republic,2494,2139
Central African Republic,2494,2164
Central African Republic,2494,2154
Central African Republic,2494,2116
Central African Republic,2494,1879
Central African Republic,2569,1989
Central African Republic,2569,2026
Central African Republic,2569,2029
Central African Republic,2569,2090
Central African Republic,2569,2133
Central African Republic,2569,2139
Central African Republic,2569,2164
Central African Republic,2569,2154
Central African Republic,2569,2116
Central African Republic,2569,1879
Central African Republic,2602,1989
Central African Republic,2602,2026
Central African Republic,2602,2029
Central African Republic,2602,2090
Central African Republic,2602,2133
Central African Republic,2602,2139
Central African Republic,2602,2164
Central African Republic,2602,2154
Central African Republic,2602,2116
Central African Republic,2602,1879
Central African Republic,2702,1989
Central African Republic,2702,2026
Central African Republic,2702,2029
Central African Republic,2702,2090
Central African Republic,2702,2133
Central African Republic,2702,2139
Central African Republic,2702,2164
Central African Republic,2702,2154
Central African Republic,2702,2116
Central African Republic,2702,1879
Central African Republic,2761,1989
Central African Republic,2761,2026
Central African Republic,2761,2029
Central African Republic,2761,2090
Central African Republic,2761,2133
Central African Republic,2761,2139
Central African Republic,2761,2164
Central African Republic,2761,2154
Central African Republic,2761,2116
Central African Republic,2761,1879
Central African Republic,2503,1989
Central African Republic,2503,2026
Central African Republic,2503,2029
Central African Republic,2503,2090
Central African Republic,2503,2133
Central African Republic,2503,2139
Central African Republic,2503,2164
Central African Republic,2503,2154
Central African Republic,2503,2116
Central African Republic,2503,1879
Chad,3660,2026
Chad,3660,2034
Chad,3660,2022
Chad,3660,2028
Chad,3660,2027
Chad,3660,2021
Chad,3660,2057
Chad,3660,2062
Chad,3660,2124
Chad,3660,2110
Chad,4360,2026
Chad,4360,2034
Chad,4360,2022
Chad,4360,2028
Chad,4360,2027
Chad,4360,2021
Chad,4360,2057
Chad,4360,2062
Chad,4360,2124
Chad,4360,2110
Chad,4423,2026
Chad,4423,2034
Chad,4423,2022
Chad,4423,2028
Chad,4423,2027
Chad,4423,2021
Chad,4423,2057
Chad,4423,2062
Chad,4423,2124
Chad,4423,2110
Chad,4243,2026
Chad,4243,2034
Chad,4243,2022
Chad,4243,2028
Chad,4243,2027
Chad,4243,2021
Chad,4243,2057
Chad,4243,2062
Chad,4243,2124
Chad,4243,2110
Chad,4332,2026
Chad,4332,2034
Chad,4332,2022
Chad,4332,2028
Chad,4332,2027
Chad,4332,2021
Chad,4332,2057
Chad,4332,2062
Chad,4332,2124
Chad,4332,2110
Chad,4516,2026
Chad,4516,2034
Chad,4516,2022
Chad,4516,2028
Chad,4516,2027
Chad,4516,2021
Chad,4516,2057
Chad,4516,2062
Chad,4516,2124
Chad,4516,2110
Chad,4633,2026
Chad,4633,2034
Chad,4633,2022
Chad,4633,2028
Chad,4633,2027
Chad,4633,2021
Chad,4633,2057
Chad,4633,2062
Chad,4633,2124
Chad,4633,2110
Chad,4070,2026
Chad,4070,2034
Chad,4070,2022
Chad,4070,2028
Chad,4070,2027
Chad,4070,2021
Chad,4070,2057
Chad,4070,2062
Chad,4070,2124
Chad,4070,2110
Chad,5688,2026
Chad,5688,2034
Chad,5688,2022
Chad,5688,2028
Chad,5688,2027
Chad,5688,2021
Chad,5688,2057
Chad,5688,2062
Chad,5688,2124
Chad,5688,2110
Chad,5153,2026
Chad,5153,2034
Chad,5153,2022
Chad,5153,2028
Chad,5153,2027
Chad,5153,2021
Chad,5153,2057
Chad,5153,2062
Chad,5153,2124
Chad,5153,2110
Congo,2241,2263
Congo,2241,2043
Congo,2241,2143
Congo,2241,2135
Congo,2241,2110
Congo,2241,2142
Congo,2241,2143
Congo,2241,2185
Congo,2241,2158
Congo,2241,2208
Congo,2318,2263
Congo,2318,2043
Congo,2318,2143
Congo,2318,2135
Congo,2318,2110
Congo,2318,2142
Congo,2318,2143
Congo,2318,2185
Congo,2318,2158
Congo,2318,2208
Congo,2365,2263
Congo,2365,2043
Congo,2365,2143
Congo,2365,2135
Congo,2365,2110
Congo,2365,2142
Congo,2365,2143
Congo,2365,2185
Congo,2365,2158
Congo,2365,2208
Congo,2438,2263
Congo,2438,2043
Congo,2438,2143
Congo,2438,2135
Congo,2438,2110
Congo,2438,2142
Congo,2438,2143
Congo,2438,2185
Congo,2438,2158
Congo,2438,2208
Congo,2530,2263
Congo,2530,2043
Congo,2530,2143
Congo,2530,2135
Congo,2530,2110
Congo,2530,2142
Congo,2530,2143
Congo,2530,2185
Congo,2530,2158
Congo,2530,2208
Congo,2693,2263
Congo,2693,2043
Congo,2693,2143
Congo,2693,2135
Congo,2693,2110
Congo,2693,2142
Congo,2693,2143
Congo,2693,2185
Congo,2693,2158
Congo,2693,2208
Congo,2707,2263
Congo,2707,2043
Congo,2707,2143
Congo,2707,2135
Congo,2707,2110
Congo,2707,2142
Congo,2707,2143
Congo,2707,2185
Congo,2707,2158
Congo,2707,2208
Congo,2745,2263
Congo,2745,2043
Congo,2745,2143
Congo,2745,2135
Congo,2745,2110
Congo,2745,2142
Congo,2745,2143
Congo,2745,2185
Congo,2745,2158
Congo,2745,2208
Congo,2786,2263
Congo,2786,2043
Congo,2786,2143
Congo,2786,2135
Congo,2786,2110
Congo,2786,2142
Congo,2786,2143
Congo,2786,2185
Congo,2786,2158
Congo,2786,2208
Congo,2968,2263
Congo,2968,2043
Congo,2968,2143
Congo,2968,2135
Congo,2968,2110
Congo,2968,2142
Congo,2968,2143
Congo,2968,2185
Congo,2968,2158
Congo,2968,2208
Cote d'Ivoire,16675,2738
Cote d'Ivoire,16675,2787
Cote d'Ivoire,16675,2783
Cote d'Ivoire,16675,2792
Cote d'Ivoire,16675,2739
Cote d'Ivoire,16675,2727
Cote d'Ivoire,16675,2737
Cote d'Ivoire,16675,2784
Cote d'Ivoire,16675,2780
Cote d'Ivoire,16675,2799
Cote d'Ivoire,17114,2738
Cote d'Ivoire,17114,2787
Cote d'Ivoire,17114,2783
Cote d'Ivoire,17114,2792
Cote d'Ivoire,17114,2739
Cote d'Ivoire,17114,2727
Cote d'Ivoire,17114,2737
Cote d'Ivoire,17114,2784
Cote d'Ivoire,17114,2780
Cote d'Ivoire,17114,2799
Cote d'Ivoire,17660,2738
Cote d'Ivoire,17660,2787
Cote d'Ivoire,17660,2783
Cote d'Ivoire,17660,2792
Cote d'Ivoire,17660,2739
Cote d'Ivoire,17660,2727
Cote d'Ivoire,17660,2737
Cote d'Ivoire,17660,2784
Cote d'Ivoire,17660,2780
Cote d'Ivoire,17660,2799
Cote d'Ivoire,17570,2738
Cote d'Ivoire,17570,2787
Cote d'Ivoire,17570,2783
Cote d'Ivoire,17570,2792
Cote d'Ivoire,17570,2739
Cote d'Ivoire,17570,2727
Cote d'Ivoire,17570,2737
Cote d'Ivoire,17570,2784
Cote d'Ivoire,17570,2780
Cote d'Ivoire,17570,2799
Cote d'Ivoire,18496,2738
Cote d'Ivoire,18496,2787
Cote d'Ivoire,18496,2783
Cote d'Ivoire,18496,2792
Cote d'Ivoire,18496,2739
Cote d'Ivoire,18496,2727
Cote d'Ivoire,18496,2737
Cote d'Ivoire,18496,2784
Cote d'Ivoire,18496,2780
Cote d'Ivoire,18496,2799
Cote d'Ivoire,17351,2738
Cote d'Ivoire,17351,2787
Cote d'Ivoire,17351,2783
Cote d'Ivoire,17351,2792
Cote d'Ivoire,17351,2739
Cote d'Ivoire,17351,2727
Cote d'Ivoire,17351,2737
Cote d'Ivoire,17351,2784
Cote d'Ivoire,17351,2780
Cote d'Ivoire,17351,2799
Cote d'Ivoire,18363,2738
Cote d'Ivoire,18363,2787
Cote d'Ivoire,18363,2783
Cote d'Ivoire,18363,2792
Cote d'Ivoire,18363,2739
Cote d'Ivoire,18363,2727
Cote d'Ivoire,18363,2737
Cote d'Ivoire,18363,2784
Cote d'Ivoire,18363,2780
Cote d'Ivoire,18363,2799
Cote d'Ivoire,18918,2738
Cote d'Ivoire,18918,2787
Cote d'Ivoire,18918,2783
Cote d'Ivoire,18918,2792
Cote d'Ivoire,18918,2739
Cote d'Ivoire,18918,2727
Cote d'Ivoire,18918,2737
Cote d'Ivoire,18918,2784
Cote d'Ivoire,18918,2780
Cote d'Ivoire,18918,2799
Cote d'Ivoire,19919,2738
Cote d'Ivoire,19919,2787
Cote d'Ivoire,19919,2783
Cote d'Ivoire,19919,2792
Cote d'Ivoire,19919,2739
Cote d'Ivoire,19919,2727
Cote d'Ivoire,19919,2737
Cote d'Ivoire,19919,2784
Cote d'Ivoire,19919,2780
Cote d'Ivoire,19919,2799
Cote d'Ivoire,20420,2738
Cote d'Ivoire,20420,2787
Cote d'Ivoire,20420,2783
Cote d'Ivoire,20420,2792
Cote d'Ivoire,20420,2739
Cote d'Ivoire,20420,2727
Cote d'Ivoire,20420,2737
Cote d'Ivoire,20420,2784
Cote d'Ivoire,20420,2780
Cote d'Ivoire,20420,2799
Djibouti,55,2136
Djibouti,55,2265
Djibouti,55,2314
Djibouti,55,2414
Djibouti,55,2447
Djibouti,55,2466
Djibouti,55,2467
Djibouti,55,2504
Djibouti,55,2545
Djibouti,55,2607
Djibouti,62,2136
Djibouti,62,2265
Djibouti,62,2314
Djibouti,62,2414
Djibouti,62,2447
Djibouti,62,2466
Djibouti,62,2467
Djibouti,62,2504
Djibouti,62,2545
Djibouti,62,2607
Djibouti,56,2136
Djibouti,56,2265
Djibouti,56,2314
Djibouti,56,2414
Djibouti,56,2447
Djibouti,56,2466
Djibouti,56,2467
Djibouti,56,2504
Djibouti,56,2545
Djibouti,56,2607
Djibouti,63,2136
Djibouti,63,2265
Djibouti,63,2314
Djibouti,63,2414
Djibouti,63,2447
Djibouti,63,2466
Djibouti,63,2467
Djibouti,63,2504
Djibouti,63,2545
Djibouti,63,2607
Djibouti,62,2136
Djibouti,62,2265
Djibouti,62,2314
Djibouti,62,2414
Djibouti,62,2447
Djibouti,62,2466
Djibouti,62,2467
Djibouti,62,2504
Djibouti,62,2545
Djibouti,62,2607
Djibouti,68,2136
Djibouti,68,2265
Djibouti,68,2314
Djibouti,68,2414
Djibouti,68,2447
Djibouti,68,2466
Djibouti,68,2467
Djibouti,68,2504
Djibouti,68,2545
Djibouti,68,2607
Djibouti,75,2136
Djibouti,75,2265
Djibouti,75,2314
Djibouti,75,2414
Djibouti,75,2447
Djibouti,75,2466
Djibouti,75,2467
Djibouti,75,2504
Djibouti,75,2545
Djibouti,75,2607
Djibouti,72,2136
Djibouti,72,2265
Djibouti,72,2314
Djibouti,72,2414
Djibouti,72,2447
Djibouti,72,2466
Djibouti,72,2467
Djibouti,72,2504
Djibouti,72,2545
Djibouti,72,2607
Djibouti,77,2136
Djibouti,77,2265
Djibouti,77,2314
Djibouti,77,2414
Djibouti,77,2447
Djibouti,77,2466
Djibouti,77,2467
Djibouti,77,2504
Djibouti,77,2545
Djibouti,77,2607
Djibouti,76,2136
Djibouti,76,2265
Djibouti,76,2314
Djibouti,76,2414
Djibouti,76,2447
Djibouti,76,2466
Djibouti,76,2467
Djibouti,76,2504
Djibouti,76,2545
Djibouti,76,2607
Egypt,75989,3309
Egypt,75989,3367
Egypt,75989,3389
Egypt,75989,3445
Egypt,75989,3490
Egypt,75989,3441
Egypt,75989,3507
Egypt,75989,3549
Egypt,75989,3561
Egypt,75989,3522
Egypt,80422,3309
Egypt,80422,3367
Egypt,80422,3389
Egypt,80422,3445
Egypt,80422,3490
Egypt,80422,3441
Egypt,80422,3507
Egypt,80422,3549
Egypt,80422,3561
Egypt,80422,3522
Egypt,83191,3309
Egypt,83191,3367
Egypt,83191,3389
Egypt,83191,3445
Egypt,83191,3490
Egypt,83191,3441
Egypt,83191,3507
Egypt,83191,3549
Egypt,83191,3561
Egypt,83191,3522
Egypt,86828,3309
Egypt,86828,3367
Egypt,86828,3389
Egypt,86828,3445
Egypt,86828,3490
Egypt,86828,3441
Egypt,86828,3507
Egypt,86828,3549
Egypt,86828,3561
Egypt,86828,3522
Egypt,89489,3309
Egypt,89489,3367
Egypt,89489,3389
Egypt,89489,3445
Egypt,89489,3490
Egypt,89489,3441
Egypt,89489,3507
Egypt,89489,3549
Egypt,89489,3561
Egypt,89489,3522
Egypt,90375,3309
Egypt,90375,3367
Egypt,90375,3389
Egypt,90375,3445
Egypt,90375,3490
Egypt,90375,3441
Egypt,90375,3507
Egypt,90375,3549
Egypt,90375,3561
Egypt,90375,3522
Egypt,88450,3309
Egypt,88450,3367
Egypt,88450,3389
Egypt,88450,3445
Egypt,88450,3490
Egypt,88450,3441
Egypt,88450,3507
Egypt,88450,3549
Egypt,88450,3561
Egypt,88450,3522
Egypt,90767,3309
Egypt,90767,3367
Egypt,90767,3389
Egypt,90767,3445
Egypt,90767,3490
Egypt,90767,3441
Egypt,90767,3507
Egypt,90767,3549
Egypt,90767,3561
Egypt,90767,3522
Egypt,96139,3309
Egypt,96139,3367
Egypt,96139,3389
Egypt,96139,3445
Egypt,96139,3490
Egypt,96139,3441
Egypt,96139,3507
Egypt,96139,3549
Egypt,96139,3561
Egypt,96139,3522
Egypt,95848,3309
Egypt,95848,3367
Egypt,95848,3389
Egypt,95848,3445
Egypt,95848,3490
Egypt,95848,3441
Egypt,95848,3507
Egypt,95848,3549
Egypt,95848,3561
Egypt,95848,3522
Ethiopia,26246,1882
Ethiopia,26246,1978
Ethiopia,26246,1967
Ethiopia,26246,1957
Ethiopia,26246,2018
Ethiopia,26246,2052
Ethiopia,26246,2080
Ethiopia,26246,2103
Ethiopia,26246,2124
Ethiopia,26246,2131
Ethiopia,29527,1882
Ethiopia,29527,1978
Ethiopia,29527,1967
Ethiopia,29527,1957
Ethiopia,29527,2018
Ethiopia,29527,2052
Ethiopia,29527,2080
Ethiopia,29527,2103
Ethiopia,29527,2124
Ethiopia,29527,2131
Ethiopia,30117,1882
Ethiopia,30117,1978
Ethiopia,30117,1967
Ethiopia,30117,1957
Ethiopia,30117,2018
Ethiopia,30117,2052
Ethiopia,30117,2080
Ethiopia,30117,2103
Ethiopia,30117,2124
Ethiopia,30117,2131
Ethiopia,29891,1882
Ethiopia,29891,1978
Ethiopia,29891,1967
Ethiopia,29891,1957
Ethiopia,29891,2018
Ethiopia,29891,2052
Ethiopia,29891,2080
Ethiopia,29891,2103
Ethiopia,29891,2124
Ethiopia,29891,2131
Ethiopia,31880,1882
Ethiopia,31880,1978
Ethiopia,31880,1967
Ethiopia,31880,1957
Ethiopia,31880,2018
Ethiopia,31880,2052
Ethiopia,31880,2080
Ethiopia,31880,2103
Ethiopia,31880,2124
Ethiopia,31880,2131
Ethiopia,34508,1882
Ethiopia,34508,1978
Ethiopia,34508,1967
Ethiopia,34508,1957
Ethiopia,34508,2018
Ethiopia,34508,2052
Ethiopia,34508,2080
Ethiopia,34508,2103
Ethiopia,34508,2124
Ethiopia,34508,2131
Ethiopia,38707,1882
Ethiopia,38707,1978
Ethiopia,38707,1967
Ethiopia,38707,1957
Ethiopia,38707,2018
Ethiopia,38707,2052
Ethiopia,38707,2080
Ethiopia,38707,2103
Ethiopia,38707,2124
Ethiopia,38707,2131
Ethiopia,39573,1882
Ethiopia,39573,1978
Ethiopia,39573,1967
Ethiopia,39573,1957
Ethiopia,39573,2018
Ethiopia,39573,2052
Ethiopia,39573,2080
Ethiopia,39573,2103
Ethiopia,39573,2124
Ethiopia,39573,2131
Ethiopia,44142,1882
Ethiopia,44142,1978
Ethiopia,44142,1967
Ethiopia,44142,1957
Ethiopia,44142,2018
Ethiopia,44142,2052
Ethiopia,44142,2080
Ethiopia,44142,2103
Ethiopia,44142,2124
Ethiopia,44142,2131
Ethiopia,46102,1882
Ethiopia,46102,1978
Ethiopia,46102,1967
Ethiopia,46102,1957
Ethiopia,46102,2018
Ethiopia,46102,2052
Ethiopia,46102,2080
Ethiopia,46102,2103
Ethiopia,46102,2124
Ethiopia,46102,2131
Gabon,1211,2676
Gabon,1211,2715
Gabon,1211,2716
Gabon,1211,2711
Gabon,1211,2653
Gabon,1211,2699
Gabon,1211,2732
Gabon,1211,2772
Gabon,1211,2795
Gabon,1211,2830
Gabon,1246,2676
Gabon,1246,2715
Gabon,1246,2716
Gabon,1246,2711
Gabon,1246,2653
Gabon,1246,2699
Gabon,1246,2732
Gabon,1246,2772
Gabon,1246,2795
Gabon,1246,2830
Gabon,1263,2676
Gabon,1263,2715
Gabon,1263,2716
Gabon,1263,2711
Gabon,1263,2653
Gabon,1263,2699
Gabon,1263,2732
Gabon,1263,2772
Gabon,1263,2795
Gabon,1263,2830
Gabon,1289,2676
Gabon,1289,2715
Gabon,1289,2716
Gabon,1289,2711
Gabon,1289,2653
Gabon,1289,2699
Gabon,1289,2732
Gabon,1289,2772
Gabon,1289,2795
Gabon,1289,2830
Gabon,1308,2676
Gabon,1308,2715
Gabon,1308,2716
Gabon,1308,2711
Gabon,1308,2653
Gabon,1308,2699
Gabon,1308,2732
Gabon,1308,2772
Gabon,1308,2795
Gabon,1308,2830
Gabon,1387,2676
Gabon,1387,2715
Gabon,1387,2716
Gabon,1387,2711
Gabon,1387,2653
Gabon,1387,2699
Gabon,1387,2732
Gabon,1387,2772
Gabon,1387,2795
Gabon,1387,2830
Gabon,1424,2676
Gabon,1424,2715
Gabon,1424,2716
Gabon,1424,2711
Gabon,1424,2653
Gabon,1424,2699
Gabon,1424,2732
Gabon,1424,2772
Gabon,1424,2795
Gabon,1424,2830
Gabon,1443,2676
Gabon,1443,2715
Gabon,1443,2716
Gabon,1443,2711
Gabon,1443,2653
Gabon,1443,2699
Gabon,1443,2732
Gabon,1443,2772
Gabon,1443,2795
Gabon,1443,2830
Gabon,1474,2676
Gabon,1474,2715
Gabon,1474,2716
Gabon,1474,2711
Gabon,1474,2653
Gabon,1474,2699
Gabon,1474,2732
Gabon,1474,2772
Gabon,1474,2795
Gabon,1474,2830
Gabon,1521,2676
Gabon,1521,2715
Gabon,1521,2716
Gabon,1521,2711
Gabon,1521,2653
Gabon,1521,2699
Gabon,1521,2732
Gabon,1521,2772
Gabon,1521,2795
Gabon,1521,2830
Gambia,473,2465
Gambia,473,2442
Gambia,473,2397
Gambia,473,2535
Gambia,473,2589
Gambia,473,2621
Gambia,473,2674
Gambia,473,2692
Gambia,473,2652
Gambia,473,2628
Gambia,440,2465
Gambia,440,2442
Gambia,440,2397
Gambia,440,2535
Gambia,440,2589
Gambia,440,2621
Gambia,440,2674
Gambia,440,2692
Gambia,440,2652
Gambia,440,2628
Gambia,458,2465
Gambia,458,2442
Gambia,458,2397
Gambia,458,2535
Gambia,458,2589
Gambia,458,2621
Gambia,458,2674
Gambia,458,2692
Gambia,458,2652
Gambia,458,2628
Gambia,360,2465
Gambia,360,2442
Gambia,360,2397
Gambia,360,2535
Gambia,360,2589
Gambia,360,2621
Gambia,360,2674
Gambia,360,2692
Gambia,360,2652
Gambia,360,2628
Gambia,472,2465
Gambia,472,2442
Gambia,472,2397
Gambia,472,2535
Gambia,472,2589
Gambia,472,2621
Gambia,472,2674
Gambia,472,2692
Gambia,472,2652
Gambia,472,2628
Gambia,549,2465
Gambia,549,2442
Gambia,549,2397
Gambia,549,2535
Gambia,549,2589
Gambia,549,2621
Gambia,549,2674
Gambia,549,2692
Gambia,549,2652
Gambia,549,2628
Gambia,614,2465
Gambia,614,2442
Gambia,614,2397
Gambia,614,2535
Gambia,614,2589
Gambia,614,2621
Gambia,614,2674
Gambia,614,2692
Gambia,614,2652
Gambia,614,2628
Gambia,411,2465
Gambia,411,2442
Gambia,411,2397
Gambia,411,2535
Gambia,411,2589
Gambia,411,2621
Gambia,411,2674
Gambia,411,2692
Gambia,411,2652
Gambia,411,2628
Gambia,465,2465
Gambia,465,2442
Gambia,465,2397
Gambia,465,2535
Gambia,465,2589
Gambia,465,2621
Gambia,465,2674
Gambia,465,2692
Gambia,465,2652
Gambia,465,2628
Gambia,457,2465
Gambia,457,2442
Gambia,457,2397
Gambia,457,2535
Gambia,457,2589
Gambia,457,2621
Gambia,457,2674
Gambia,457,2692
Gambia,457,2652
Gambia,457,2628
Ghana,24040,2682
Ghana,24040,2751
Ghana,24040,2824
Ghana,24040,2803
Ghana,24040,2950
Ghana,24040,3032
Ghana,24040,3077
Ghana,24040,3002
Ghana,24040,3043
Ghana,24040,3016
Ghana,24448,2682
Ghana,24448,2751
Ghana,24448,2824
Ghana,24448,2803
Ghana,24448,2950
Ghana,24448,3032
Ghana,24448,3077
Ghana,24448,3002
Ghana,24448,3043
Ghana,24448,3016
Ghana,25054,2682
Ghana,25054,2751
Ghana,25054,2824
Ghana,25054,2803
Ghana,25054,2950
Ghana,25054,3032
Ghana,25054,3077
Ghana,25054,3002
Ghana,25054,3043
Ghana,25054,3016
Ghana,25286,2682
Ghana,25286,2751
Ghana,25286,2824
Ghana,25286,2803
Ghana,25286,2950
Ghana,25286,3032
Ghana,25286,3077
Ghana,25286,3002
Ghana,25286,3043
Ghana,25286,3016
Ghana,28290,2682
Ghana,28290,2751
Ghana,28290,2824
Ghana,28290,2803
Ghana,28290,2950
Ghana,28290,3032
Ghana,28290,3077
Ghana,28290,3002
Ghana,28290,3043
Ghana,28290,3016
Ghana,30647,2682
Ghana,30647,2751
Ghana,30647,2824
Ghana,30647,2803
Ghana,30647,2950
Ghana,30647,3032
Ghana,30647,3077
Ghana,30647,3002
Ghana,30647,3043
Ghana,30647,3016
Ghana,32140,2682
Ghana,32140,2751
Ghana,32140,2824
Ghana,32140,2803
Ghana,32140,2950
Ghana,32140,3032
Ghana,32140,3077
Ghana,32140,3002
Ghana,32140,3043
Ghana,32140,3016
Ghana,33650,2682
Ghana,33650,2751
Ghana,33650,2824
Ghana,33650,2803
Ghana,33650,2950
Ghana,33650,3032
Ghana,33650,3077
Ghana,33650,3002
Ghana,33650,3043
Ghana,33650,3016
Ghana,34860,2682
Ghana,34860,2751
Ghana,34860,2824
Ghana,34860,2803
Ghana,34860,2950
Ghana,34860,3032
Ghana,34860,3077
Ghana,34860,3002
Ghana,34860,3043
Ghana,34860,3016
Ghana,36589,2682
Ghana,36589,2751
Ghana,36589,2824
Ghana,36589,2803
Ghana,36589,2950
Ghana,36589,3032
Ghana,36589,3077
Ghana,36589,3002
Ghana,36589,3043
Ghana,36589,3016
Guinea,5891,2426
Guinea,5891,2443
Guinea,5891,2503
Guinea,5891,2505
Guinea,5891,2534
Guinea,5891,2546
Guinea,5891,2550
Guinea,5891,2546
Guinea,5891,2561
Guinea,5891,2566
Guinea,6099,2426
Guinea,6099,2443
Guinea,6099,2503
Guinea,6099,2505
Guinea,6099,2534
Guinea,6099,2546
Guinea,6099,2550
Guinea,6099,2546
Guinea,6099,2561
Guinea,6099,2566
Guinea,6166,2426
Guinea,6166,2443
Guinea,6166,2503
Guinea,6166,2505
Guinea,6166,2534
Guinea,6166,2546
Guinea,6166,2550
Guinea,6166,2546
Guinea,6166,2561
Guinea,6166,2566
Guinea,6393,2426
Guinea,6393,2443
Guinea,6393,2503
Guinea,6393,2505
Guinea,6393,2534
Guinea,6393,2546
Guinea,6393,2550
Guinea,6393,2546
Guinea,6393,2561
Guinea,6393,2566
Guinea,6512,2426
Guinea,6512,2443
Guinea,6512,2503
Guinea,6512,2505
Guinea,6512,2534
Guinea,6512,2546
Guinea,6512,2550
Guinea,6512,2546
Guinea,6512,2561
Guinea,6512,2566
Guinea,6606,2426
Guinea,6606,2443
Guinea,6606,2503
Guinea,6606,2505
Guinea,6606,2534
Guinea,6606,2546
Guinea,6606,2550
Guinea,6606,2546
Guinea,6606,2561
Guinea,6606,2566
Guinea,6904,2426
Guinea,6904,2443
Guinea,6904,2503
Guinea,6904,2505
Guinea,6904,2534
Guinea,6904,2546
Guinea,6904,2550
Guinea,6904,2546
Guinea,6904,2561
Guinea,6904,2566
Guinea,7084,2426
Guinea,7084,2443
Guinea,7084,2503
Guinea,7084,2505
Guinea,7084,2534
Guinea,7084,2546
Guinea,7084,2550
Guinea,7084,2546
Guinea,7084,2561
Guinea,7084,2566
Guinea,7458,2426
Guinea,7458,2443
Guinea,7458,2503
Guinea,7458,2505
Guinea,7458,2534
Guinea,7458,2546
Guinea,7458,2550
Guinea,7458,2546
Guinea,7458,2561
Guinea,7458,2566
Guinea,7735,2426
Guinea,7735,2443
Guinea,7735,2503
Guinea,7735,2505
Guinea,7735,2534
Guinea,7735,2546
Guinea,7735,2550
Guinea,7735,2546
Guinea,7735,2561
Guinea,7735,2566
Guinea-Bissau,637,2257
Guinea-Bissau,637,2273
Guinea-Bissau,637,2253
Guinea-Bissau,637,2293
Guinea-Bissau,637,2304
Guinea-Bissau,637,2278
Guinea-Bissau,637,2346
Guinea-Bissau,637,2336
Guinea-Bissau,637,2331
Guinea-Bissau,637,2292
Guinea-Bissau,703,2257
Guinea-Bissau,703,2273
Guinea-Bissau,703,2253
Guinea-Bissau,703,2293
Guinea-Bissau,703,2304
Guinea-Bissau,703,2278
Guinea-Bissau,703,2346
Guinea-Bissau,703,2336
Guinea-Bissau,703,2331
Guinea-Bissau,703,2292
Guinea-Bissau,705,2257
Guinea-Bissau,705,2273
Guinea-Bissau,705,2253
Guinea-Bissau,705,2293
Guinea-Bissau,705,2304
Guinea-Bissau,705,2278
Guinea-Bissau,705,2346
Guinea-Bissau,705,2336
Guinea-Bissau,705,2331
Guinea-Bissau,705,2292
Guinea-Bissau,654,2257
Guinea-Bissau,654,2273
Guinea-Bissau,654,2253
Guinea-Bissau,654,2293
Guinea-Bissau,654,2304
Guinea-Bissau,654,2278
Guinea-Bissau,654,2346
Guinea-Bissau,654,2336
Guinea-Bissau,654,2331
Guinea-Bissau,654,2292
Guinea-Bissau,725,2257
Guinea-Bissau,725,2273
Guinea-Bissau,725,2253
Guinea-Bissau,725,2293
Guinea-Bissau,725,2304
Guinea-Bissau,725,2278
Guinea-Bissau,725,2346
Guinea-Bissau,725,2336
Guinea-Bissau,725,2331
Guinea-Bissau,725,2292
Guinea-Bissau,700,2257
Guinea-Bissau,700,2273
Guinea-Bissau,700,2253
Guinea-Bissau,700,2293
Guinea-Bissau,700,2304
Guinea-Bissau,700,2278
Guinea-Bissau,700,2346
Guinea-Bissau,700,2336
Guinea-Bissau,700,2331
Guinea-Bissau,700,2292
Guinea-Bissau,743,2257
Guinea-Bissau,743,2273
Guinea-Bissau,743,2253
Guinea-Bissau,743,2293
Guinea-Bissau,743,2304
Guinea-Bissau,743,2278
Guinea-Bissau,743,2346
Guinea-Bissau,743,2336
Guinea-Bissau,743,2331
Guinea-Bissau,743,2292
Guinea-Bissau,807,2257
Guinea-Bissau,807,2273
Guinea-Bissau,807,2253
Guinea-Bissau,807,2293
Guinea-Bissau,807,2304
Guinea-Bissau,807,2278
Guinea-Bissau,807,2346
Guinea-Bissau,807,2336
Guinea-Bissau,807,2331
Guinea-Bissau,807,2292
Guinea-Bissau,787,2257
Guinea-Bissau,787,2273
Guinea-Bissau,787,2253
Guinea-Bissau,787,2293
Guinea-Bissau,787,2304
Guinea-Bissau,787,2278
Guinea-Bissau,787,2346
Guinea-Bissau,787,2336
Guinea-Bissau,787,2331
Guinea-Bissau,787,2292
Guinea-Bissau,835,2257
Guinea-Bissau,835,2273
Guinea-Bissau,835,2253
Guinea-Bissau,835,2293
Guinea-Bissau,835,2304
Guinea-Bissau,835,2278
Guinea-Bissau,835,2346
Guinea-Bissau,835,2336
Guinea-Bissau,835,2331
Guinea-Bissau,835,2292
Kenya,20664,2022
Kenya,20664,2161
Kenya,20664,2161
Kenya,20664,2110
Kenya,20664,2106
Kenya,20664,2165
Kenya,20664,2160
Kenya,20664,2170
Kenya,20664,2192
Kenya,20664,2206
Kenya,23745,2022
Kenya,23745,2161
Kenya,23745,2161
Kenya,23745,2110
Kenya,23745,2106
Kenya,23745,2165
Kenya,23745,2160
Kenya,23745,2170
Kenya,23745,2192
Kenya,23745,2206
Kenya,24656,2022
Kenya,24656,2161
Kenya,24656,2161
Kenya,24656,2110
Kenya,24656,2106
Kenya,24656,2165
Kenya,24656,2160
Kenya,24656,2170
Kenya,24656,2192
Kenya,24656,2206
Kenya,24433,2022
Kenya,24433,2161
Kenya,24433,2161
Kenya,24433,2110
Kenya,24433,2106
Kenya,24433,2165
Kenya,24433,2160
Kenya,24433,2170
Kenya,24433,2192
Kenya,24433,2206
Kenya,24928,2022
Kenya,24928,2161
Kenya,24928,2161
Kenya,24928,2110
Kenya,24928,2106
Kenya,24928,2165
Kenya,24928,2160
Kenya,24928,2170
Kenya,24928,2192
Kenya,24928,2206
Kenya,26049,2022
Kenya,26049,2161
Kenya,26049,2161
Kenya,26049,2110
Kenya,26049,2106
Kenya,26049,2165
Kenya,26049,2160
Kenya,26049,2170
Kenya,26049,2192
Kenya,26049,2206
Kenya,27991,2022
Kenya,27991,2161
Kenya,27991,2161
Kenya,27991,2110
Kenya,27991,2106
Kenya,27991,2165
Kenya,27991,2160
Kenya,27991,2170
Kenya,27991,2192
Kenya,27991,2206
Kenya,26605,2022
Kenya,26605,2161
Kenya,26605,2161
Kenya,26605,2110
Kenya,26605,2106
Kenya,26605,2165
Kenya,26605,2160
Kenya,26605,2170
Kenya,26605,2192
Kenya,26605,2206
Kenya,28851,2022
Kenya,28851,2161
Kenya,28851,2161
Kenya,28851,2110
Kenya,28851,2106
Kenya,28851,2165
Kenya,28851,2160
Kenya,28851,2170
Kenya,28851,2192
Kenya,28851,2206
Kenya,28950,2022
Kenya,28950,2161
Kenya,28950,2161
Kenya,28950,2110
Kenya,28950,2106
Kenya,28950,2165
Kenya,28950,2160
Kenya,28950,2170
Kenya,28950,2192
Kenya,28950,2206
Lesotho,371,2541
Lesotho,371,2567
Lesotho,371,2595
Lesotho,371,2560
Lesotho,371,2558
Lesotho,371,2569
Lesotho,371,2572
Lesotho,371,2550
Lesotho,371,2547
Lesotho,371,2529
Lesotho,383,2541
Lesotho,383,2567
Lesotho,383,2595
Lesotho,383,2560
Lesotho,383,2558
Lesotho,383,2569
Lesotho,383,2572
Lesotho,383,2550
Lesotho,383,2547
Lesotho,383,2529
Lesotho,383,2541
Lesotho,383,2567
Lesotho,383,2595
Lesotho,383,2560
Lesotho,383,2558
Lesotho,383,2569
Lesotho,383,2572
Lesotho,383,2550
Lesotho,383,2547
Lesotho,383,2529
Lesotho,344,2541
Lesotho,344,2567
Lesotho,344,2595
Lesotho,344,2560
Lesotho,344,2558
Lesotho,344,2569
Lesotho,344,2572
Lesotho,344,2550
Lesotho,344,2547
Lesotho,344,2529
Lesotho,347,2541
Lesotho,347,2567
Lesotho,347,2595
Lesotho,347,2560
Lesotho,347,2558
Lesotho,347,2569
Lesotho,347,2572
Lesotho,347,2550
Lesotho,347,2547
Lesotho,347,2529
Lesotho,339,2541
Lesotho,339,2567
Lesotho,339,2595
Lesotho,339,2560
Lesotho,339,2558
Lesotho,339,2569
Lesotho,339,2572
Lesotho,339,2550
Lesotho,339,2547
Lesotho,339,2529
Lesotho,451,2541
Lesotho,451,2567
Lesotho,451,2595
Lesotho,451,2560
Lesotho,451,2558
Lesotho,451,2569
Lesotho,451,2572
Lesotho,451,2550
Lesotho,451,2547
Lesotho,451,2529
Lesotho,397,2541
Lesotho,397,2567
Lesotho,397,2595
Lesotho,397,2560
Lesotho,397,2558
Lesotho,397,2569
Lesotho,397,2572
Lesotho,397,2550
Lesotho,397,2547
Lesotho,397,2529
Lesotho,352,2541
Lesotho,352,2567
Lesotho,352,2595
Lesotho,352,2560
Lesotho,352,2558
Lesotho,352,2569
Lesotho,352,2572
Lesotho,352,2550
Lesotho,352,2547
Lesotho,352,2529
Lesotho,418,2541
Lesotho,418,2567
Lesotho,418,2595
Lesotho,418,2560
Lesotho,418,2558
Lesotho,418,2569
Lesotho,418,2572
Lesotho,418,2550
Lesotho,418,2547
Lesotho,418,2529
Liberia,1382,2092
Liberia,1382,2160
Liberia,1382,2116
Liberia,1382,2145
Liberia,1382,2227
Liberia,1382,2231
Liberia,1382,2198
Liberia,1382,2254
Liberia,1382,2200
Liberia,1382,2204
Liberia,1443,2092
Liberia,1443,2160
Liberia,1443,2116
Liberia,1443,2145
Liberia,1443,2227
Liberia,1443,2231
Liberia,1443,2198
Liberia,1443,2254
Liberia,1443,2200
Liberia,1443,2204
Liberia,1358,2092
Liberia,1358,2160
Liberia,1358,2116
Liberia,1358,2145
Liberia,1358,2227
Liberia,1358,2231
Liberia,1358,2198
Liberia,1358,2254
Liberia,1358,2200
Liberia,1358,2204
Liberia,1446,2092
Liberia,1446,2160
Liberia,1446,2116
Liberia,1446,2145
Liberia,1446,2227
Liberia,1446,2231
Liberia,1446,2198
Liberia,1446,2254
Liberia,1446,2200
Liberia,1446,2204
Liberia,1491,2092
Liberia,1491,2160
Liberia,1491,2116
Liberia,1491,2145
Liberia,1491,2227
Liberia,1491,2231
Liberia,1491,2198
Liberia,1491,2254
Liberia,1491,2200
Liberia,1491,2204
Liberia,1457,2092
Liberia,1457,2160
Liberia,1457,2116
Liberia,1457,2145
Liberia,1457,2227
Liberia,1457,2231
Liberia,1457,2198
Liberia,1457,2254
Liberia,1457,2200
Liberia,1457,2204
Liberia,1490,2092
Liberia,1490,2160
Liberia,1490,2116
Liberia,1490,2145
Liberia,1490,2227
Liberia,1490,2231
Liberia,1490,2198
Liberia,1490,2254
Liberia,1490,2200
Liberia,1490,2204
Liberia,1535,2092
Liberia,1535,2160
Liberia,1535,2116
Liberia,1535,2145
Liberia,1535,2227
Liberia,1535,2231
Liberia,1535,2198
Liberia,1535,2254
Liberia,1535,2200
Liberia,1535,2204
Liberia,1522,2092
Liberia,1522,2160
Liberia,1522,2116
Liberia,1522,2145
Liberia,1522,2227
Liberia,1522,2231
Liberia,1522,2198
Liberia,1522,2254
Liberia,1522,2200
Liberia,1522,2204
Liberia,1533,2092
Liberia,1533,2160
Liberia,1533,2116
Liberia,1533,2145
Liberia,1533,2227
Liberia,1533,2231
Liberia,1533,2198
Liberia,1533,2254
Liberia,1533,2200
Liberia,1533,2204
Madagascar,10360,1980
Madagascar,10360,2060
Madagascar,10360,2083
Madagascar,10360,2096
Madagascar,10360,2061
Madagascar,10360,2065
Madagascar,10360,2068
Madagascar,10360,2085
Madagascar,10360,2058
Madagascar,10360,2052
Madagascar,12228,1980
Madagascar,12228,2060
Madagascar,12228,2083
Madagascar,12228,2096
Madagascar,12228,2061
Madagascar,12228,2065
Madagascar,12228,2068
Madagascar,12228,2085
Madagascar,12228,2058
Madagascar,12228,2052
Madagascar,12608,1980
Madagascar,12608,2060
Madagascar,12608,2083
Madagascar,12608,2096
Madagascar,12608,2061
Madagascar,12608,2065
Madagascar,12608,2068
Madagascar,12608,2085
Madagascar,12608,2058
Madagascar,12608,2052
Madagascar,12720,1980
Madagascar,12720,2060
Madagascar,12720,2083
Madagascar,12720,2096
Madagascar,12720,2061
Madagascar,12720,2065
Madagascar,12720,2068
Madagascar,12720,2085
Madagascar,12720,2058
Madagascar,12720,2052
Madagascar,12774,1980
Madagascar,12774,2060
Madagascar,12774,2083
Madagascar,12774,2096
Madagascar,12774,2061
Madagascar,12774,2065
Madagascar,12774,2068
Madagascar,12774,2085
Madagascar,12774,2058
Madagascar,12774,2052
Madagascar,13928,1980
Madagascar,13928,2060
Madagascar,13928,2083
Madagascar,13928,2096
Madagascar,13928,2061
Madagascar,13928,2065
Madagascar,13928,2068
Madagascar,13928,2085
Madagascar,13928,2058
Madagascar,13928,2052
Madagascar,14215,1980
Madagascar,14215,2060
Madagascar,14215,2083
Madagascar,14215,2096
Madagascar,14215,2061
Madagascar,14215,2065
Madagascar,14215,2068
Madagascar,14215,2085
Madagascar,14215,2058
Madagascar,14215,2052
Madagascar,14735,1980
Madagascar,14735,2060
Madagascar,14735,2083
Madagascar,14735,2096
Madagascar,14735,2061
Madagascar,14735,2065
Madagascar,14735,2068
Madagascar,14735,2085
Madagascar,14735,2058
Madagascar,14735,2052
Madagascar,15343,1980
Madagascar,15343,2060
Madagascar,15343,2083
Madagascar,15343,2096
Madagascar,15343,2061
Madagascar,15343,2065
Madagascar,15343,2068
Madagascar,15343,2085
Madagascar,15343,2058
Madagascar,15343,2052
Madagascar,14160,1980
Madagascar,14160,2060
Madagascar,14160,2083
Madagascar,14160,2096
Madagascar,14160,2061
Madagascar,14160,2065
Madagascar,14160,2068
Madagascar,14160,2085
Madagascar,14160,2058
Madagascar,14160,2052
Malawi,10917,2166
Malawi,10917,2191
Malawi,10917,2269
Malawi,10917,2293
Malawi,10917,2318
Malawi,10917,2311
Malawi,10917,2329
Malawi,10917,2348
Malawi,10917,2333
Malawi,10917,2367
Malawi,9786,2166
Malawi,9786,2191
Malawi,9786,2269
Malawi,9786,2293
Malawi,9786,2318
Malawi,9786,2311
Malawi,9786,2329
Malawi,9786,2348
Malawi,9786,2333
Malawi,9786,2367
Malawi,13078,2166
Malawi,13078,2191
Malawi,13078,2269
Malawi,13078,2293
Malawi,13078,2318
Malawi,13078,2311
Malawi,13078,2329
Malawi,13078,2348
Malawi,13078,2333
Malawi,13078,2367
Malawi,14908,2166
Malawi,14908,2191
Malawi,14908,2269
Malawi,14908,2293
Malawi,14908,2318
Malawi,14908,2311
Malawi,14908,2329
Malawi,14908,2348
Malawi,14908,2333
Malawi,14908,2367
Malawi,14910,2166
Malawi,14910,2191
Malawi,14910,2269
Malawi,14910,2293
Malawi,14910,2318
Malawi,14910,2311
Malawi,14910,2329
Malawi,14910,2348
Malawi,14910,2333
Malawi,14910,2367
Malawi,16677,2166
Malawi,16677,2191
Malawi,16677,2269
Malawi,16677,2293
Malawi,16677,2318
Malawi,16677,2311
Malawi,16677,2329
Malawi,16677,2348
Malawi,16677,2333
Malawi,16677,2367
Malawi,16867,2166
Malawi,16867,2191
Malawi,16867,2269
Malawi,16867,2293
Malawi,16867,2318
Malawi,16867,2311
Malawi,16867,2329
Malawi,16867,2348
Malawi,16867,2333
Malawi,16867,2367
Malawi,17569,2166
Malawi,17569,2191
Malawi,17569,2269
Malawi,17569,2293
Malawi,17569,2318
Malawi,17569,2311
Malawi,17569,2329
Malawi,17569,2348
Malawi,17569,2333
Malawi,17569,2367
Malawi,19074,2166
Malawi,19074,2191
Malawi,19074,2269
Malawi,19074,2293
Malawi,19074,2318
Malawi,19074,2311
Malawi,19074,2329
Malawi,19074,2348
Malawi,19074,2333
Malawi,19074,2367
Malawi,19931,2166
Malawi,19931,2191
Malawi,19931,2269
Malawi,19931,2293
Malawi,19931,2318
Malawi,19931,2311
Malawi,19931,2329
Malawi,19931,2348
Malawi,19931,2333
Malawi,19931,2367
Mali,6275,2540
Mali,6275,2583
Mali,6275,2654
Mali,6275,2722
Mali,6275,2777
Mali,6275,2831
Mali,6275,2813
Mali,6275,2832
Mali,6275,2860
Mali,6275,2890
Mali,7233,2540
Mali,7233,2583
Mali,7233,2654
Mali,7233,2722
Mali,7233,2777
Mali,7233,2831
Mali,7233,2813
Mali,7233,2832
Mali,7233,2860
Mali,7233,2890
Mali,7301,2540
Mali,7301,2583
Mali,7301,2654
Mali,7301,2722
Mali,7301,2777
Mali,7301,2831
Mali,7301,2813
Mali,7301,2832
Mali,7301,2860
Mali,7301,2890
Mali,8249,2540
Mali,8249,2583
Mali,8249,2654
Mali,8249,2722
Mali,8249,2777
Mali,8249,2831
Mali,8249,2813
Mali,8249,2832
Mali,8249,2860
Mali,8249,2890
Mali,8855,2540
Mali,8855,2583
Mali,8855,2654
Mali,8855,2722
Mali,8855,2777
Mali,8855,2831
Mali,8855,2813
Mali,8855,2832
Mali,8855,2860
Mali,8855,2890
Mali,10853,2540
Mali,10853,2583
Mali,10853,2654
Mali,10853,2722
Mali,10853,2777
Mali,10853,2831
Mali,10853,2813
Mali,10853,2832
Mali,10853,2860
Mali,10853,2890
Mali,10671,2540
Mali,10671,2583
Mali,10671,2654
Mali,10671,2722
Mali,10671,2777
Mali,10671,2831
Mali,10671,2813
Mali,10671,2832
Mali,10671,2860
Mali,10671,2890
Mali,10773,2540
Mali,10773,2583
Mali,10773,2654
Mali,10773,2722
Mali,10773,2777
Mali,10773,2831
Mali,10773,2813
Mali,10773,2832
Mali,10773,2860
Mali,10773,2890
Mali,11486,2540
Mali,11486,2583
Mali,11486,2654
Mali,11486,2722
Mali,11486,2777
Mali,11486,2831
Mali,11486,2813
Mali,11486,2832
Mali,11486,2860
Mali,11486,2890
Mali,10596,2540
Mali,10596,2583
Mali,10596,2654
Mali,10596,2722
Mali,10596,2777
Mali,10596,2831
Mali,10596,2813
Mali,10596,2832
Mali,10596,2860
Mali,10596,2890
Mauritania,906,2599
Mauritania,906,2629
Mauritania,906,2603
Mauritania,906,2726
Mauritania,906,2772
Mauritania,906,2762
Mauritania,906,2797
Mauritania,906,2806
Mauritania,906,2873
Mauritania,906,2876
Mauritania,1016,2599
Mauritania,1016,2629
Mauritania,1016,2603
Mauritania,1016,2726
Mauritania,1016,2772
Mauritania,1016,2762
Mauritania,1016,2797
Mauritania,1016,2806
Mauritania,1016,2873
Mauritania,1016,2876
Mauritania,875,2599
Mauritania,875,2629
Mauritania,875,2603
Mauritania,875,2726
Mauritania,875,2772
Mauritania,875,2762
Mauritania,875,2797
Mauritania,875,2806
Mauritania,875,2873
Mauritania,875,2876
Mauritania,913,2599
Mauritania,913,2629
Mauritania,913,2603
Mauritania,913,2726
Mauritania,913,2772
Mauritania,913,2762
Mauritania,913,2797
Mauritania,913,2806
Mauritania,913,2873
Mauritania,913,2876
Mauritania,909,2599
Mauritania,909,2629
Mauritania,909,2603
Mauritania,909,2726
Mauritania,909,2772
Mauritania,909,2762
Mauritania,909,2797
Mauritania,909,2806
Mauritania,909,2873
Mauritania,909,2876
Mauritania,953,2599
Mauritania,953,2629
Mauritania,953,2603
Mauritania,953,2726
Mauritania,953,2772
Mauritania,953,2762
Mauritania,953,2797
Mauritania,953,2806
Mauritania,953,2873
Mauritania,953,2876
Mauritania,1110,2599
Mauritania,1110,2629
Mauritania,1110,2603
Mauritania,1110,2726
Mauritania,1110,2772
Mauritania,1110,2762
Mauritania,1110,2797
Mauritania,1110,2806
Mauritania,1110,2873
Mauritania,1110,2876
Mauritania,1024,2599
Mauritania,1024,2629
Mauritania,1024,2603
Mauritania,1024,2726
Mauritania,1024,2772
Mauritania,1024,2762
Mauritania,1024,2797
Mauritania,1024,2806
Mauritania,1024,2873
Mauritania,1024,2876
Mauritania,1182,2599
Mauritania,1182,2629
Mauritania,1182,2603
Mauritania,1182,2726
Mauritania,1182,2772
Mauritania,1182,2762
Mauritania,1182,2797
Mauritania,1182,2806
Mauritania,1182,2873
Mauritania,1182,2876
Mauritania,1151,2599
Mauritania,1151,2629
Mauritania,1151,2603
Mauritania,1151,2726
Mauritania,1151,2772
Mauritania,1151,2762
Mauritania,1151,2797
Mauritania,1151,2806
Mauritania,1151,2873
Mauritania,1151,2876
Mauritius,6081,3023
Mauritius,6081,3009
Mauritius,6081,3022
Mauritius,6081,3076
Mauritius,6081,3001
Mauritius,6081,3124
Mauritius,6081,3151
Mauritius,6081,3058
Mauritius,6081,3014
Mauritius,6081,3065
Mauritius,5720,3023
Mauritius,5720,3009
Mauritius,5720,3022
Mauritius,5720,3076
Mauritius,5720,3001
Mauritius,5720,3124
Mauritius,5720,3151
Mauritius,5720,3058
Mauritius,5720,3014
Mauritius,5720,3065
Mauritius,5471,3023
Mauritius,5471,3009
Mauritius,5471,3022
Mauritius,5471,3076
Mauritius,5471,3001
Mauritius,5471,3124
Mauritius,5471,3151
Mauritius,5471,3058
Mauritius,5471,3014
Mauritius,5471,3065
Mauritius,4891,3023
Mauritius,4891,3009
Mauritius,4891,3022
Mauritius,4891,3076
Mauritius,4891,3001
Mauritius,4891,3124
Mauritius,4891,3151
Mauritius,4891,3058
Mauritius,4891,3014
Mauritius,4891,3065
Mauritius,5200,3023
Mauritius,5200,3009
Mauritius,5200,3022
Mauritius,5200,3076
Mauritius,5200,3001
Mauritius,5200,3124
Mauritius,5200,3151
Mauritius,5200,3058
Mauritius,5200,3014
Mauritius,5200,3065
Mauritius,5369,3023
Mauritius,5369,3009
Mauritius,5369,3022
Mauritius,5369,3076
Mauritius,5369,3001
Mauritius,5369,3124
Mauritius,5369,3151
Mauritius,5369,3058
Mauritius,5369,3014
Mauritius,5369,3065
Mauritius,5060,3023
Mauritius,5060,3009
Mauritius,5060,3022
Mauritius,5060,3076
Mauritius,5060,3001
Mauritius,5060,3124
Mauritius,5060,3151
Mauritius,5060,3058
Mauritius,5060,3014
Mauritius,5060,3065
Mauritius,4911,3023
Mauritius,4911,3009
Mauritius,4911,3022
Mauritius,4911,3076
Mauritius,4911,3001
Mauritius,4911,3124
Mauritius,4911,3151
Mauritius,4911,3058
Mauritius,4911,3014
Mauritius,4911,3065
Mauritius,4610,3023
Mauritius,4610,3009
Mauritius,4610,3022
Mauritius,4610,3076
Mauritius,4610,3001
Mauritius,4610,3124
Mauritius,4610,3151
Mauritius,4610,3058
Mauritius,4610,3014
Mauritius,4610,3065
Mauritius,4472,3023
Mauritius,4472,3009
Mauritius,4472,3022
Mauritius,4472,3076
Mauritius,4472,3001
Mauritius,4472,3124
Mauritius,4472,3151
Mauritius,4472,3058
Mauritius,4472,3014
Mauritius,4472,3065
Morocco,27244,3263
Morocco,27244,3206
Morocco,27244,3271
Morocco,27244,3251
Morocco,27244,3271
Morocco,27244,3293
Morocco,27244,3294
Morocco,27244,3349
Morocco,27244,3366
Morocco,27244,3403
Morocco,22794,3263
Morocco,22794,3206
Morocco,22794,3271
Morocco,22794,3251
Morocco,22794,3271
Morocco,22794,3293
Morocco,22794,3294
Morocco,22794,3349
Morocco,22794,3366
Morocco,22794,3403
Morocco,28594,3263
Morocco,28594,3206
Morocco,28594,3271
Morocco,28594,3251
Morocco,28594,3271
Morocco,28594,3293
Morocco,28594,3294
Morocco,28594,3349
Morocco,28594,3366
Morocco,28594,3403
Morocco,20869,3263
Morocco,20869,3206
Morocco,20869,3271
Morocco,20869,3251
Morocco,20869,3271
Morocco,20869,3293
Morocco,20869,3294
Morocco,20869,3349
Morocco,20869,3366
Morocco,20869,3403
Morocco,24679,3263
Morocco,24679,3206
Morocco,24679,3271
Morocco,24679,3251
Morocco,24679,3271
Morocco,24679,3293
Morocco,24679,3294
Morocco,24679,3349
Morocco,24679,3366
Morocco,24679,3403
Morocco,30354,3263
Morocco,30354,3206
Morocco,30354,3271
Morocco,30354,3251
Morocco,30354,3271
Morocco,30354,3293
Morocco,30354,3294
Morocco,30354,3349
Morocco,30354,3366
Morocco,30354,3403
Morocco,28577,3263
Morocco,28577,3206
Morocco,28577,3271
Morocco,28577,3251
Morocco,28577,3271
Morocco,28577,3293
Morocco,28577,3294
Morocco,28577,3349
Morocco,28577,3366
Morocco,28577,3403
Morocco,30978,3263
Morocco,30978,3206
Morocco,30978,3271
Morocco,30978,3251
Morocco,30978,3271
Morocco,30978,3293
Morocco,30978,3294
Morocco,30978,3349
Morocco,30978,3366
Morocco,30978,3403
Morocco,26236,3263
Morocco,26236,3206
Morocco,26236,3271
Morocco,26236,3251
Morocco,26236,3271
Morocco,26236,3293
Morocco,26236,3294
Morocco,26236,3349
Morocco,26236,3366
Morocco,26236,3403
Morocco,31496,3263
Morocco,31496,3206
Morocco,31496,3271
Morocco,31496,3251
Morocco,31496,3271
Morocco,31496,3293
Morocco,31496,3294
Morocco,31496,3349
Morocco,31496,3366
Morocco,31496,3403
Mozambique,12867,2059
Mozambique,12867,2038
Mozambique,12867,2111
Mozambique,12867,2083
Mozambique,12867,2164
Mozambique,12867,2165
Mozambique,12867,2242
Mozambique,12867,2259
Mozambique,12867,2298
Mozambique,12867,2283
Mozambique,11391,2059
Mozambique,11391,2038
Mozambique,11391,2111
Mozambique,11391,2083
Mozambique,11391,2164
Mozambique,11391,2165
Mozambique,11391,2242
Mozambique,11391,2259
Mozambique,11391,2298
Mozambique,11391,2283
Mozambique,12665,2059
Mozambique,12665,2038
Mozambique,12665,2111
Mozambique,12665,2083
Mozambique,12665,2164
Mozambique,12665,2165
Mozambique,12665,2242
Mozambique,12665,2259
Mozambique,12665,2298
Mozambique,12665,2283
Mozambique,12640,2059
Mozambique,12640,2038
Mozambique,12640,2111
Mozambique,12640,2083
Mozambique,12640,2164
Mozambique,12640,2165
Mozambique,12640,2242
Mozambique,12640,2259
Mozambique,12640,2298
Mozambique,12640,2283
Mozambique,12646,2059
Mozambique,12646,2038
Mozambique,12646,2111
Mozambique,12646,2083
Mozambique,12646,2164
Mozambique,12646,2165
Mozambique,12646,2242
Mozambique,12646,2259
Mozambique,12646,2298
Mozambique,12646,2283
Mozambique,14107,2059
Mozambique,14107,2038
Mozambique,14107,2111
Mozambique,14107,2083
Mozambique,14107,2164
Mozambique,14107,2165
Mozambique,14107,2242
Mozambique,14107,2259
Mozambique,14107,2298
Mozambique,14107,2283
Mozambique,19611,2059
Mozambique,19611,2038
Mozambique,19611,2111
Mozambique,19611,2083
Mozambique,19611,2164
Mozambique,19611,2165
Mozambique,19611,2242
Mozambique,19611,2259
Mozambique,19611,2298
Mozambique,19611,2283
Mozambique,20976,2059
Mozambique,20976,2038
Mozambique,20976,2111
Mozambique,20976,2083
Mozambique,20976,2164
Mozambique,20976,2165
Mozambique,20976,2242
Mozambique,20976,2259
Mozambique,20976,2298
Mozambique,20976,2283
Mozambique,19939,2059
Mozambique,19939,2038
Mozambique,19939,2111
Mozambique,19939,2083
Mozambique,19939,2164
Mozambique,19939,2165
Mozambique,19939,2242
Mozambique,19939,2259
Mozambique,19939,2298
Mozambique,19939,2283
Mozambique,20742,2059
Mozambique,20742,2038
Mozambique,20742,2111
Mozambique,20742,2083
Mozambique,20742,2164
Mozambique,20742,2165
Mozambique,20742,2242
Mozambique,20742,2259
Mozambique,20742,2298
Mozambique,20742,2283
Namibia,1421,2268
Namibia,1421,2243
Namibia,1421,2230
Namibia,1421,2218
Namibia,1421,2120
Namibia,1421,2062
Namibia,1421,2055
Namibia,1421,2090
Namibia,1421,2145
Namibia,1421,2171
Namibia,1434,2268
Namibia,1434,2243
Namibia,1434,2230
Namibia,1434,2218
Namibia,1434,2120
Namibia,1434,2062
Namibia,1434,2055
Namibia,1434,2090
Namibia,1434,2145
Namibia,1434,2171
Namibia,1448,2268
Namibia,1448,2243
Namibia,1448,2230
Namibia,1448,2218
Namibia,1448,2120
Namibia,1448,2062
Namibia,1448,2055
Namibia,1448,2090
Namibia,1448,2145
Namibia,1448,2171
Namibia,1331,2268
Namibia,1331,2243
Namibia,1331,2230
Namibia,1331,2218
Namibia,1331,2120
Namibia,1331,2062
Namibia,1331,2055
Namibia,1331,2090
Namibia,1331,2145
Namibia,1331,2171
Namibia,1335,2268
Namibia,1335,2243
Namibia,1335,2230
Namibia,1335,2218
Namibia,1335,2120
Namibia,1335,2062
Namibia,1335,2055
Namibia,1335,2090
Namibia,1335,2145
Namibia,1335,2171
Namibia,1359,2268
Namibia,1359,2243
Namibia,1359,2230
Namibia,1359,2218
Namibia,1359,2120
Namibia,1359,2062
Namibia,1359,2055
Namibia,1359,2090
Namibia,1359,2145
Namibia,1359,2171
Namibia,1422,2268
Namibia,1422,2243
Namibia,1422,2230
Namibia,1422,2218
Namibia,1422,2120
Namibia,1422,2062
Namibia,1422,2055
Namibia,1422,2090
Namibia,1422,2145
Namibia,1422,2171
Namibia,1457,2268
Namibia,1457,2243
Namibia,1457,2230
Namibia,1457,2218
Namibia,1457,2120
Namibia,1457,2062
Namibia,1457,2055
Namibia,1457,2090
Namibia,1457,2145
Namibia,1457,2171
Namibia,1522,2268
Namibia,1522,2243
Namibia,1522,2230
Namibia,1522,2218
Namibia,1522,2120
Namibia,1522,2062
Namibia,1522,2055
Namibia,1522,2090
Namibia,1522,2145
Namibia,1522,2171
Namibia,1468,2268
Namibia,1468,2243
Namibia,1468,2230
Namibia,1468,2218
Namibia,1468,2120
Namibia,1468,2062
Namibia,1468,2055
Namibia,1468,2090
Namibia,1468,2145
Namibia,1468,2171
Niger,5852,2453
Niger,5852,2444
Niger,5852,2442
Niger,5852,2461
Niger,5852,2520
Niger,5852,2523
Niger,5852,2533
Niger,5852,2534
Niger,5852,2567
Niger,5852,2547
Niger,7170,2453
Niger,7170,2444
Niger,7170,2442
Niger,7170,2461
Niger,7170,2520
Niger,7170,2523
Niger,7170,2533
Niger,7170,2534
Niger,7170,2567
Niger,7170,2547
Niger,7855,2453
Niger,7855,2444
Niger,7855,2442
Niger,7855,2461
Niger,7855,2520
Niger,7855,2523
Niger,7855,2533
Niger,7855,2534
Niger,7855,2567
Niger,7855,2547
Niger,8152,2453
Niger,8152,2444
Niger,8152,2442
Niger,8152,2461
Niger,8152,2520
Niger,8152,2523
Niger,8152,2533
Niger,8152,2534
Niger,8152,2567
Niger,8152,2547
Niger,9820,2453
Niger,9820,2444
Niger,9820,2442
Niger,9820,2461
Niger,9820,2520
Niger,9820,2523
Niger,9820,2533
Niger,9820,2534
Niger,9820,2567
Niger,9820,2547
Niger,7715,2453
Niger,7715,2444
Niger,7715,2442
Niger,7715,2461
Niger,7715,2520
Niger,7715,2523
Niger,7715,2533
Niger,7715,2534
Niger,7715,2567
Niger,7715,2547
Niger,10576,2453
Niger,10576,2444
Niger,10576,2442
Niger,10576,2461
Niger,10576,2520
Niger,10576,2523
Niger,10576,2533
Niger,10576,2534
Niger,10576,2567
Niger,10576,2547
Niger,8923,2453
Niger,8923,2444
Niger,8923,2442
Niger,8923,2461
Niger,8923,2520
Niger,8923,2523
Niger,8923,2533
Niger,8923,2534
Niger,8923,2567
Niger,8923,2547
Niger,10719,2453
Niger,10719,2444
Niger,10719,2442
Niger,10719,2461
Niger,10719,2520
Niger,10719,2523
Niger,10719,2533
Niger,10719,2534
Niger,10719,2567
Niger,10719,2547
Niger,10026,2453
Niger,10026,2444
Niger,10026,2442
Niger,10026,2461
Niger,10026,2520
Niger,10026,2523
Niger,10026,2533
Niger,10026,2534
Niger,10026,2567
Niger,10026,2547
Nigeria,149857,2655
Nigeria,149857,2705
Nigeria,149857,2725
Nigeria,149857,2720
Nigeria,149857,2723
Nigeria,149857,2683
Nigeria,149857,2706
Nigeria,149857,2706
Nigeria,149857,2665
Nigeria,149857,2700
Nigeria,158149,2655
Nigeria,158149,2705
Nigeria,158149,2725
Nigeria,158149,2720
Nigeria,158149,2723
Nigeria,158149,2683
Nigeria,158149,2706
Nigeria,158149,2706
Nigeria,158149,2665
Nigeria,158149,2700
Nigeria,168987,2655
Nigeria,168987,2705
Nigeria,168987,2725
Nigeria,168987,2720
Nigeria,168987,2723
Nigeria,168987,2683
Nigeria,168987,2706
Nigeria,168987,2706
Nigeria,168987,2665
Nigeria,168987,2700
Nigeria,157273,2655
Nigeria,157273,2705
Nigeria,157273,2725
Nigeria,157273,2720
Nigeria,157273,2723
Nigeria,157273,2683
Nigeria,157273,2706
Nigeria,157273,2706
Nigeria,157273,2665
Nigeria,157273,2700
Nigeria,167935,2655
Nigeria,167935,2705
Nigeria,167935,2725
Nigeria,167935,2720
Nigeria,167935,2723
Nigeria,167935,2683
Nigeria,167935,2706
Nigeria,167935,2706
Nigeria,167935,2665
Nigeria,167935,2700
Nigeria,141270,2655
Nigeria,141270,2705
Nigeria,141270,2725
Nigeria,141270,2720
Nigeria,141270,2723
Nigeria,141270,2683
Nigeria,141270,2706
Nigeria,141270,2706
Nigeria,141270,2665
Nigeria,141270,2700
Nigeria,158709,2655
Nigeria,158709,2705
Nigeria,158709,2725
Nigeria,158709,2720
Nigeria,158709,2723
Nigeria,158709,2683
Nigeria,158709,2706
Nigeria,158709,2706
Nigeria,158709,2665
Nigeria,158709,2700
Nigeria,167403,2655
Nigeria,167403,2705
Nigeria,167403,2725
Nigeria,167403,2720
Nigeria,167403,2723
Nigeria,167403,2683
Nigeria,167403,2706
Nigeria,167403,2706
Nigeria,167403,2665
Nigeria,167403,2700
Nigeria,178816,2655
Nigeria,178816,2705
Nigeria,178816,2725
Nigeria,178816,2720
Nigeria,178816,2723
Nigeria,178816,2683
Nigeria,178816,2706
Nigeria,178816,2706
Nigeria,178816,2665
Nigeria,178816,2700
Nigeria,179631,2655
Nigeria,179631,2705
Nigeria,179631,2725
Nigeria,179631,2720
Nigeria,179631,2723
Nigeria,179631,2683
Nigeria,179631,2706
Nigeria,179631,2706
Nigeria,179631,2665
Nigeria,179631,2700
Rwanda,6863,1969
Rwanda,6863,2037
Rwanda,6863,2044
Rwanda,6863,2053
Rwanda,6863,2101
Rwanda,6863,2196
Rwanda,6863,2198
Rwanda,6863,2213
Rwanda,6863,2270
Rwanda,6863,2228
Rwanda,7370,1969
Rwanda,7370,2037
Rwanda,7370,2044
Rwanda,7370,2053
Rwanda,7370,2101
Rwanda,7370,2196
Rwanda,7370,2198
Rwanda,7370,2213
Rwanda,7370,2270
Rwanda,7370,2228
Rwanda,7405,1969
Rwanda,7405,2037
Rwanda,7405,2044
Rwanda,7405,2053
Rwanda,7405,2101
Rwanda,7405,2196
Rwanda,7405,2198
Rwanda,7405,2213
Rwanda,7405,2270
Rwanda,7405,2228
Rwanda,7295,1969
Rwanda,7295,2037
Rwanda,7295,2044
Rwanda,7295,2053
Rwanda,7295,2101
Rwanda,7295,2196
Rwanda,7295,2198
Rwanda,7295,2213
Rwanda,7295,2270
Rwanda,7295,2228
Rwanda,8371,1969
Rwanda,8371,2037
Rwanda,8371,2044
Rwanda,8371,2053
Rwanda,8371,2101
Rwanda,8371,2196
Rwanda,8371,2198
Rwanda,8371,2213
Rwanda,8371,2270
Rwanda,8371,2228
Rwanda,9838,1969
Rwanda,9838,2037
Rwanda,9838,2044
Rwanda,9838,2053
Rwanda,9838,2101
Rwanda,9838,2196
Rwanda,9838,2198
Rwanda,9838,2213
Rwanda,9838,2270
Rwanda,9838,2228
Rwanda,10780,1969
Rwanda,10780,2037
Rwanda,10780,2044
Rwanda,10780,2053
Rwanda,10780,2101
Rwanda,10780,2196
Rwanda,10780,2198
Rwanda,10780,2213
Rwanda,10780,2270
Rwanda,10780,2228
Rwanda,11777,1969
Rwanda,11777,2037
Rwanda,11777,2044
Rwanda,11777,2053
Rwanda,11777,2101
Rwanda,11777,2196
Rwanda,11777,2198
Rwanda,11777,2213
Rwanda,11777,2270
Rwanda,11777,2228
Rwanda,12523,1969
Rwanda,12523,2037
Rwanda,12523,2044
Rwanda,12523,2053
Rwanda,12523,2101
Rwanda,12523,2196
Rwanda,12523,2198
Rwanda,12523,2213
Rwanda,12523,2270
Rwanda,12523,2228
Rwanda,12952,1969
Rwanda,12952,2037
Rwanda,12952,2044
Rwanda,12952,2053
Rwanda,12952,2101
Rwanda,12952,2196
Rwanda,12952,2198
Rwanda,12952,2213
Rwanda,12952,2270
Rwanda,12952,2228
Sao Tome and Principe,113,2513
Sao Tome and Principe,113,2546
Sao Tome and Principe,113,2554
Sao Tome and Principe,113,2511
Sao Tome and Principe,113,2466
Sao Tome and Principe,113,2435
Sao Tome and Principe,113,2368
Sao Tome and Principe,113,2331
Sao Tome and Principe,113,2338
Sao Tome and Principe,113,2400
Sao Tome and Principe,117,2513
Sao Tome and Principe,117,2546
Sao Tome and Principe,117,2554
Sao Tome and Principe,117,2511
Sao Tome and Principe,117,2466
Sao Tome and Principe,117,2435
Sao Tome and Principe,117,2368
Sao Tome and Principe,117,2331
Sao Tome and Principe,117,2338
Sao Tome and Principe,117,2400
Sao Tome and Principe,117,2513
Sao Tome and Principe,117,2546
Sao Tome and Principe,117,2554
Sao Tome and Principe,117,2511
Sao Tome and Principe,117,2466
Sao Tome and Principe,117,2435
Sao Tome and Principe,117,2368
Sao Tome and Principe,117,2331
Sao Tome and Principe,117,2338
Sao Tome and Principe,117,2400
Sao Tome and Principe,113,2513
Sao Tome and Principe,113,2546
Sao Tome and Principe,113,2554
Sao Tome and Principe,113,2511
Sao Tome and Principe,113,2466
Sao Tome and Principe,113,2435
Sao Tome and Principe,113,2368
Sao Tome and Principe,113,2331
Sao Tome and Principe,113,2338
Sao Tome and Principe,113,2400
Sao Tome and Principe,114,2513
Sao Tome and Principe,114,2546
Sao Tome and Principe,114,2554
Sao Tome and Principe,114,2511
Sao Tome and Principe,114,2466
Sao Tome and Principe,114,2435
Sao Tome and Principe,114,2368
Sao Tome and Principe,114,2331
Sao Tome and Principe,114,2338
Sao Tome and Principe,114,2400
Sao Tome and Principe,116,2513
Sao Tome and Principe,116,2546
Sao Tome and Principe,116,2554
Sao Tome and Principe,116,2511
Sao Tome and Principe,116,2466
Sao Tome and Principe,116,2435
Sao Tome and Principe,116,2368
Sao Tome and Principe,116,2331
Sao Tome and Principe,116,2338
Sao Tome and Principe,116,2400
Sao Tome and Principe,114,2513
Sao Tome and Principe,114,2546
Sao Tome and Principe,114,2554
Sao Tome and Principe,114,2511
Sao Tome and Principe,114,2466
Sao Tome and Principe,114,2435
Sao Tome and Principe,114,2368
Sao Tome and Principe,114,2331
Sao Tome and Principe,114,2338
Sao Tome and Principe,114,2400
Sao Tome and Principe,107,2513
Sao Tome and Principe,107,2546
Sao Tome and Principe,107,2554
Sao Tome and Principe,107,2511
Sao Tome and Principe,107,2466
Sao Tome and Principe,107,2435
Sao Tome and Principe,107,2368
Sao Tome and Principe,107,2331
Sao Tome and Principe,107,2338
Sao Tome and Principe,107,2400
Sao Tome and Principe,111,2513
Sao Tome and Principe,111,2546
Sao Tome and Principe,111,2554
Sao Tome and Principe,111,2511
Sao Tome and Principe,111,2466
Sao Tome and Principe,111,2435
Sao Tome and Principe,111,2368
Sao Tome and Principe,111,2331
Sao Tome and Principe,111,2338
Sao Tome and Principe,111,2400
Sao Tome and Principe,130,2513
Sao Tome and Principe,130,2546
Sao Tome and Principe,130,2554
Sao Tome and Principe,130,2511
Sao Tome and Principe,130,2466
Sao Tome and Principe,130,2435
Sao Tome and Principe,130,2368
Sao Tome and Principe,130,2331
Sao Tome and Principe,130,2338
Sao Tome and Principe,130,2400
Senegal,4368,2248
Senegal,4368,2237
Senegal,4368,2310
Senegal,4368,2342
Senegal,4368,2439
Senegal,4368,2446
Senegal,4368,2435
Senegal,4368,2428
Senegal,4368,2443
Senegal,4368,2456
Senegal,4757,2248
Senegal,4757,2237
Senegal,4757,2310
Senegal,4757,2342
Senegal,4757,2439
Senegal,4757,2446
Senegal,4757,2435
Senegal,4757,2428
Senegal,4757,2443
Senegal,4757,2456
Senegal,4030,2248
Senegal,4030,2237
Senegal,4030,2310
Senegal,4030,2342
Senegal,4030,2439
Senegal,4030,2446
Senegal,4030,2435
Senegal,4030,2428
Senegal,4030,2443
Senegal,4030,2456
Senegal,4024,2248
Senegal,4024,2237
Senegal,4024,2310
Senegal,4024,2342
Senegal,4024,2439
Senegal,4024,2446
Senegal,4024,2435
Senegal,4024,2428
Senegal,4024,2443
Senegal,4024,2456
Senegal,5987,2248
Senegal,5987,2237
Senegal,5987,2310
Senegal,5987,2342
Senegal,5987,2439
Senegal,5987,2446
Senegal,5987,2435
Senegal,5987,2428
Senegal,5987,2443
Senegal,5987,2456
Senegal,5689,2248
Senegal,5689,2237
Senegal,5689,2310
Senegal,5689,2342
Senegal,5689,2439
Senegal,5689,2446
Senegal,5689,2435
Senegal,5689,2428
Senegal,5689,2443
Senegal,5689,2456
Senegal,5737,2248
Senegal,5737,2237
Senegal,5737,2310
Senegal,5737,2342
Senegal,5737,2439
Senegal,5737,2446
Senegal,5737,2435
Senegal,5737,2428
Senegal,5737,2443
Senegal,5737,2456
Senegal,4613,2248
Senegal,4613,2237
Senegal,4613,2310
Senegal,4613,2342
Senegal,4613,2439
Senegal,4613,2446
Senegal,4613,2435
Senegal,4613,2428
Senegal,4613,2443
Senegal,4613,2456
Senegal,5237,2248
Senegal,5237,2237
Senegal,5237,2310
Senegal,5237,2342
Senegal,5237,2439
Senegal,5237,2446
Senegal,5237,2435
Senegal,5237,2428
Senegal,5237,2443
Senegal,5237,2456
Senegal,4972,2248
Senegal,4972,2237
Senegal,4972,2310
Senegal,4972,2342
Senegal,4972,2439
Senegal,4972,2446
Senegal,4972,2435
Senegal,4972,2428
Senegal,4972,2443
Senegal,4972,2456
Sierra Leone,3592,2024
Sierra Leone,3592,2082
Sierra Leone,3592,2155
Sierra Leone,3592,2194
Sierra Leone,3592,2197
Sierra Leone,3592,2251
Sierra Leone,3592,2275
Sierra Leone,3592,2335
Sierra Leone,3592,2374
Sierra Leone,3592,2404
Sierra Leone,3040,2024
Sierra Leone,3040,2082
Sierra Leone,3040,2155
Sierra Leone,3040,2194
Sierra Leone,3040,2197
Sierra Leone,3040,2251
Sierra Leone,3040,2275
Sierra Leone,3040,2335
Sierra Leone,3040,2374
Sierra Leone,3040,2404
Sierra Leone,3657,2024
Sierra Leone,3657,2082
Sierra Leone,3657,2155
Sierra Leone,3657,2194
Sierra Leone,3657,2197
Sierra Leone,3657,2251
Sierra Leone,3657,2275
Sierra Leone,3657,2335
Sierra Leone,3657,2374
Sierra Leone,3657,2404
Sierra Leone,3731,2024
Sierra Leone,3731,2082
Sierra Leone,3731,2155
Sierra Leone,3731,2194
Sierra Leone,3731,2197
Sierra Leone,3731,2251
Sierra Leone,3731,2275
Sierra Leone,3731,2335
Sierra Leone,3731,2374
Sierra Leone,3731,2404
Sierra Leone,3991,2024
Sierra Leone,3991,2082
Sierra Leone,3991,2155
Sierra Leone,3991,2194
Sierra Leone,3991,2197
Sierra Leone,3991,2251
Sierra Leone,3991,2275
Sierra Leone,3991,2335
Sierra Leone,3991,2374
Sierra Leone,3991,2404
Sierra Leone,5084,2024
Sierra Leone,5084,2082
Sierra Leone,5084,2155
Sierra Leone,5084,2194
Sierra Leone,5084,2197
Sierra Leone,5084,2251
Sierra Leone,5084,2275
Sierra Leone,5084,2335
Sierra Leone,5084,2374
Sierra Leone,5084,2404
Sierra Leone,5783,2024
Sierra Leone,5783,2082
Sierra Leone,5783,2155
Sierra Leone,5783,2194
Sierra Leone,5783,2197
Sierra Leone,5783,2251
Sierra Leone,5783,2275
Sierra Leone,5783,2335
Sierra Leone,5783,2374
Sierra Leone,5783,2404
Sierra Leone,6083,2024
Sierra Leone,6083,2082
Sierra Leone,6083,2155
Sierra Leone,6083,2194
Sierra Leone,6083,2197
Sierra Leone,6083,2251
Sierra Leone,6083,2275
Sierra Leone,6083,2335
Sierra Leone,6083,2374
Sierra Leone,6083,2404
Sierra Leone,6228,2024
Sierra Leone,6228,2082
Sierra Leone,6228,2155
Sierra Leone,6228,2194
Sierra Leone,6228,2197
Sierra Leone,6228,2251
Sierra Leone,6228,2275
Sierra Leone,6228,2335
Sierra Leone,6228,2374
Sierra Leone,6228,2404
Sierra Leone,6548,2024
Sierra Leone,6548,2082
Sierra Leone,6548,2155
Sierra Leone,6548,2194
Sierra Leone,6548,2197
Sierra Leone,6548,2251
Sierra Leone,6548,2275
Sierra Leone,6548,2335
Sierra Leone,6548,2374
Sierra Leone,6548,2404
South Africa,54949,2940
South Africa,54949,2952
South Africa,54949,2927
South Africa,54949,2920
South Africa,54949,2924
South Africa,54949,2936
South Africa,54949,2992
South Africa,54949,3002
South Africa,54949,3014
South Africa,54949,3022
South Africa,59577,2940
South Africa,59577,2952
South Africa,59577,2927
South Africa,59577,2920
South Africa,59577,2924
South Africa,59577,2936
South Africa,59577,2992
South Africa,59577,3002
South Africa,59577,3014
South Africa,59577,3022
South Africa,54024,2940
South Africa,54024,2952
South Africa,54024,2927
South Africa,54024,2920
South Africa,54024,2924
South Africa,54024,2936
South Africa,54024,2992
South Africa,54024,3002
South Africa,54024,3014
South Africa,54024,3022
South Africa,53795,2940
South Africa,53795,2952
South Africa,53795,2927
South Africa,53795,2920
South Africa,53795,2924
South Africa,53795,2936
South Africa,53795,2992
South Africa,53795,3002
South Africa,53795,3014
South Africa,53795,3022
South Africa,61162,2940
South Africa,61162,2952
South Africa,61162,2927
South Africa,61162,2920
South Africa,61162,2924
South Africa,61162,2936
South Africa,61162,2992
South Africa,61162,3002
South Africa,61162,3014
South Africa,61162,3022
South Africa,59590,2940
South Africa,59590,2952
South Africa,59590,2927
South Africa,59590,2920
South Africa,59590,2924
South Africa,59590,2936
South Africa,59590,2992
South Africa,59590,3002
South Africa,59590,3014
South Africa,59590,3022
South Africa,56863,2940
South Africa,56863,2952
South Africa,56863,2927
South Africa,56863,2920
South Africa,56863,2924
South Africa,56863,2936
South Africa,56863,2992
South Africa,56863,3002
South Africa,56863,3014
South Africa,56863,3022
South Africa,56788,2940
South Africa,56788,2952
South Africa,56788,2927
South Africa,56788,2920
South Africa,56788,2924
South Africa,56788,2936
South Africa,56788,2992
South Africa,56788,3002
South Africa,56788,3014
South Africa,56788,3022
South Africa,59581,2940
South Africa,59581,2952
South Africa,59581,2927
South Africa,59581,2920
South Africa,59581,2924
South Africa,59581,2936
South Africa,59581,2992
South Africa,59581,3002
South Africa,59581,3014
South Africa,59581,3022
South Africa,63263,2940
South Africa,63263,2952
South Africa,63263,2927
South Africa,63263,2920
South Africa,63263,2924
South Africa,63263,2936
South Africa,63263,2992
South Africa,63263,3002
South Africa,63263,3014
South Africa,63263,3022
Sudan,28646,2271
Sudan,28646,2296
Sudan,28646,2331
Sudan,28646,2344
Sudan,28646,2344
Sudan,28646,2346
Sudan,28646,2323
Sudan,28646,2346
Sudan,28646,2301
Sudan,28646,2336
Sudan,31369,2271
Sudan,31369,2296
Sudan,31369,2331
Sudan,31369,2344
Sudan,31369,2344
Sudan,31369,2346
Sudan,31369,2323
Sudan,31369,2346
Sudan,31369,2301
Sudan,31369,2336
Sudan,30834,2271
Sudan,30834,2296
Sudan,30834,2331
Sudan,30834,2344
Sudan,30834,2344
Sudan,30834,2346
Sudan,30834,2323
Sudan,30834,2346
Sudan,30834,2301
Sudan,30834,2336
Sudan,31689,2271
Sudan,31689,2296
Sudan,31689,2331
Sudan,31689,2344
Sudan,31689,2344
Sudan,31689,2346
Sudan,31689,2323
Sudan,31689,2346
Sudan,31689,2301
Sudan,31689,2336
Sudan,30731,2271
Sudan,30731,2296
Sudan,30731,2331
Sudan,30731,2344
Sudan,30731,2344
Sudan,30731,2346
Sudan,30731,2323
Sudan,30731,2346
Sudan,30731,2301
Sudan,30731,2336
Sudan,31778,2271
Sudan,31778,2296
Sudan,31778,2331
Sudan,31778,2344
Sudan,31778,2344
Sudan,31778,2346
Sudan,31778,2323
Sudan,31778,2346
Sudan,31778,2301
Sudan,31778,2336
Sudan,28568,2271
Sudan,28568,2296
Sudan,28568,2331
Sudan,28568,2344
Sudan,28568,2344
Sudan,28568,2346
Sudan,28568,2323
Sudan,28568,2346
Sudan,28568,2301
Sudan,28568,2336
Sudan,30869,2271
Sudan,30869,2296
Sudan,30869,2331
Sudan,30869,2344
Sudan,30869,2344
Sudan,30869,2346
Sudan,30869,2323
Sudan,30869,2346
Sudan,30869,2301
Sudan,30869,2336
Sudan,26373,2271
Sudan,26373,2296
Sudan,26373,2331
Sudan,26373,2344
Sudan,26373,2344
Sudan,26373,2346
Sudan,26373,2323
Sudan,26373,2346
Sudan,26373,2301
Sudan,26373,2336
Sudan,30727,2271
Sudan,30727,2296
Sudan,30727,2331
Sudan,30727,2344
Sudan,30727,2344
Sudan,30727,2346
Sudan,30727,2323
Sudan,30727,2346
Sudan,30727,2301
Sudan,30727,2336
Swaziland,5950,2469
Swaziland,5950,2372
Swaziland,5950,2325
Swaziland,5950,2310
Swaziland,5950,2257
Swaziland,5950,2249
Swaziland,5950,2284
Swaziland,5950,2283
Swaziland,5950,2293
Swaziland,5950,2329
Swaziland,6407,2469
Swaziland,6407,2372
Swaziland,6407,2325
Swaziland,6407,2310
Swaziland,6407,2257
Swaziland,6407,2249
Swaziland,6407,2284
Swaziland,6407,2283
Swaziland,6407,2293
Swaziland,6407,2329
Swaziland,6124,2469
Swaziland,6124,2372
Swaziland,6124,2325
Swaziland,6124,2310
Swaziland,6124,2257
Swaziland,6124,2249
Swaziland,6124,2284
Swaziland,6124,2283
Swaziland,6124,2293
Swaziland,6124,2329
Swaziland,6096,2469
Swaziland,6096,2372
Swaziland,6096,2325
Swaziland,6096,2310
Swaziland,6096,2257
Swaziland,6096,2249
Swaziland,6096,2284
Swaziland,6096,2283
Swaziland,6096,2293
Swaziland,6096,2329
Swaziland,6149,2469
Swaziland,6149,2372
Swaziland,6149,2325
Swaziland,6149,2310
Swaziland,6149,2257
Swaziland,6149,2249
Swaziland,6149,2284
Swaziland,6149,2283
Swaziland,6149,2293
Swaziland,6149,2329
Swaziland,6128,2469
Swaziland,6128,2372
Swaziland,6128,2325
Swaziland,6128,2310
Swaziland,6128,2257
Swaziland,6128,2249
Swaziland,6128,2284
Swaziland,6128,2283
Swaziland,6128,2293
Swaziland,6128,2329
Swaziland,6157,2469
Swaziland,6157,2372
Swaziland,6157,2325
Swaziland,6157,2310
Swaziland,6157,2257
Swaziland,6157,2249
Swaziland,6157,2284
Swaziland,6157,2283
Swaziland,6157,2293
Swaziland,6157,2329
Swaziland,6221,2469
Swaziland,6221,2372
Swaziland,6221,2325
Swaziland,6221,2310
Swaziland,6221,2257
Swaziland,6221,2249
Swaziland,6221,2284
Swaziland,6221,2283
Swaziland,6221,2293
Swaziland,6221,2329
Swaziland,6670,2469
Swaziland,6670,2372
Swaziland,6670,2325
Swaziland,6670,2310
Swaziland,6670,2257
Swaziland,6670,2249
Swaziland,6670,2284
Swaziland,6670,2283
Swaziland,6670,2293
Swaziland,6670,2329
Swaziland,6763,2469
Swaziland,6763,2372
Swaziland,6763,2325
Swaziland,6763,2310
Swaziland,6763,2257
Swaziland,6763,2249
Swaziland,6763,2284
Swaziland,6763,2283
Swaziland,6763,2293
Swaziland,6763,2329
Togo,2765,2246
Togo,2765,2238
Togo,2765,2283
Togo,2765,2295
Togo,2765,2316
Togo,2765,2340
Togo,2765,2370
Togo,2765,2383
Togo,2765,2414
Togo,2765,2454
Togo,2730,2246
Togo,2730,2238
Togo,2730,2283
Togo,2730,2295
Togo,2730,2316
Togo,2730,2340
Togo,2730,2370
Togo,2730,2383
Togo,2730,2414
Togo,2730,2454
Togo,2908,2246
Togo,2908,2238
Togo,2908,2283
Togo,2908,2295
Togo,2908,2316
Togo,2908,2340
Togo,2908,2370
Togo,2908,2383
Togo,2908,2414
Togo,2908,2454
Togo,2938,2246
Togo,2938,2238
Togo,2938,2283
Togo,2938,2295
Togo,2938,2316
Togo,2938,2340
Togo,2938,2370
Togo,2938,2383
Togo,2938,2414
Togo,2938,2454
Togo,3085,2246
Togo,3085,2238
Togo,3085,2283
Togo,3085,2295
Togo,3085,2316
Togo,3085,2340
Togo,3085,2370
Togo,3085,2383
Togo,3085,2414
Togo,3085,2454
Togo,3389,2246
Togo,3389,2238
Togo,3389,2283
Togo,3389,2295
Togo,3389,2316
Togo,3389,2340
Togo,3389,2370
Togo,3389,2383
Togo,3389,2414
Togo,3389,2454
Togo,3424,2246
Togo,3424,2238
Togo,3424,2283
Togo,3424,2295
Togo,3424,2316
Togo,3424,2340
Togo,3424,2370
Togo,3424,2383
Togo,3424,2414
Togo,3424,2454
Togo,3605,2246
Togo,3605,2238
Togo,3605,2283
Togo,3605,2295
Togo,3605,2316
Togo,3605,2340
Togo,3605,2370
Togo,3605,2383
Togo,3605,2414
Togo,3605,2454
Togo,3848,2246
Togo,3848,2238
Togo,3848,2283
Togo,3848,2295
Togo,3848,2316
Togo,3848,2340
Togo,3848,2370
Togo,3848,2383
Togo,3848,2414
Togo,3848,2454
Togo,3463,2246
Togo,3463,2238
Togo,3463,2283
Togo,3463,2295
Togo,3463,2316
Togo,3463,2340
Togo,3463,2370
Togo,3463,2383
Togo,3463,2414
Togo,3463,2454
Tunisia,8503,3248
Tunisia,8503,3220
Tunisia,8503,3273
Tunisia,8503,3252
Tunisia,8503,3302
Tunisia,8503,3335
Tunisia,8503,3326
Tunisia,8503,3360
Tunisia,8503,3390
Tunisia,8503,3349
Tunisia,8795,3248
Tunisia,8795,3220
Tunisia,8795,3273
Tunisia,8795,3252
Tunisia,8795,3302
Tunisia,8795,3335
Tunisia,8795,3326
Tunisia,8795,3360
Tunisia,8795,3390
Tunisia,8795,3349
Tunisia,8688,3248
Tunisia,8688,3220
Tunisia,8688,3273
Tunisia,8688,3252
Tunisia,8688,3302
Tunisia,8688,3335
Tunisia,8688,3326
Tunisia,8688,3360
Tunisia,8688,3390
Tunisia,8688,3349
Tunisia,9052,3248
Tunisia,9052,3220
Tunisia,9052,3273
Tunisia,9052,3252
Tunisia,9052,3302
Tunisia,9052,3335
Tunisia,9052,3326
Tunisia,9052,3360
Tunisia,9052,3390
Tunisia,9052,3349
Tunisia,8842,3248
Tunisia,8842,3220
Tunisia,8842,3273
Tunisia,8842,3252
Tunisia,8842,3302
Tunisia,8842,3335
Tunisia,8842,3326
Tunisia,8842,3360
Tunisia,8842,3390
Tunisia,8842,3349
Tunisia,9731,3248
Tunisia,9731,3220
Tunisia,9731,3273
Tunisia,9731,3252
Tunisia,9731,3302
Tunisia,9731,3335
Tunisia,9731,3326
Tunisia,9731,3360
Tunisia,9731,3390
Tunisia,9731,3349
Tunisia,8854,3248
Tunisia,8854,3220
Tunisia,8854,3273
Tunisia,8854,3252
Tunisia,8854,3302
Tunisia,8854,3335
Tunisia,8854,3326
Tunisia,8854,3360
Tunisia,8854,3390
Tunisia,8854,3349
Tunisia,9790,3248
Tunisia,9790,3220
Tunisia,9790,3273
Tunisia,9790,3252
Tunisia,9790,3302
Tunisia,9790,3335
Tunisia,9790,3326
Tunisia,9790,3360
Tunisia,9790,3390
Tunisia,9790,3349
Tunisia,10509,3248
Tunisia,10509,3220
Tunisia,10509,3273
Tunisia,10509,3252
Tunisia,10509,3302
Tunisia,10509,3335
Tunisia,10509,3326
Tunisia,10509,3360
Tunisia,10509,3390
Tunisia,10509,3349
Tunisia,9949,3248
Tunisia,9949,3220
Tunisia,9949,3273
Tunisia,9949,3252
Tunisia,9949,3302
Tunisia,9949,3335
Tunisia,9949,3326
Tunisia,9949,3360
Tunisia,9949,3390
Tunisia,9949,3349
Uganda,31819,2351
Uganda,31819,2327
Uganda,31819,2276
Uganda,31819,2212
Uganda,31819,2177
Uganda,31819,2194
Uganda,31819,2200
Uganda,31819,2178
Uganda,31819,2160
Uganda,31819,2130
Uganda,31645,2351
Uganda,31645,2327
Uganda,31645,2276
Uganda,31645,2212
Uganda,31645,2177
Uganda,31645,2194
Uganda,31645,2200
Uganda,31645,2178
Uganda,31645,2160
Uganda,31645,2130
Uganda,31415,2351
Uganda,31415,2327
Uganda,31415,2276
Uganda,31415,2212
Uganda,31415,2177
Uganda,31415,2194
Uganda,31415,2200
Uganda,31415,2178
Uganda,31415,2160
Uganda,31415,2130
Uganda,31891,2351
Uganda,31891,2327
Uganda,31891,2276
Uganda,31891,2212
Uganda,31891,2177
Uganda,31891,2194
Uganda,31891,2200
Uganda,31891,2178
Uganda,31891,2160
Uganda,31891,2130
Uganda,23491,2351
Uganda,23491,2327
Uganda,23491,2276
Uganda,23491,2212
Uganda,23491,2177
Uganda,23491,2194
Uganda,23491,2200
Uganda,23491,2178
Uganda,23491,2160
Uganda,23491,2130
Uganda,24574,2351
Uganda,24574,2327
Uganda,24574,2276
Uganda,24574,2212
Uganda,24574,2177
Uganda,24574,2194
Uganda,24574,2200
Uganda,24574,2178
Uganda,24574,2160
Uganda,24574,2130
Uganda,25850,2351
Uganda,25850,2327
Uganda,25850,2276
Uganda,25850,2212
Uganda,25850,2177
Uganda,25850,2194
Uganda,25850,2200
Uganda,25850,2178
Uganda,25850,2160
Uganda,25850,2130
Uganda,25704,2351
Uganda,25704,2327
Uganda,25704,2276
Uganda,25704,2212
Uganda,25704,2177
Uganda,25704,2194
Uganda,25704,2200
Uganda,25704,2178
Uganda,25704,2160
Uganda,25704,2130
Uganda,25711,2351
Uganda,25711,2327
Uganda,25711,2276
Uganda,25711,2212
Uganda,25711,2177
Uganda,25711,2194
Uganda,25711,2200
Uganda,25711,2178
Uganda,25711,2160
Uganda,25711,2130
Uganda,26321,2351
Uganda,26321,2327
Uganda,26321,2276
Uganda,26321,2212
Uganda,26321,2177
Uganda,26321,2194
Uganda,26321,2200
Uganda,26321,2178
Uganda,26321,2160
Uganda,26321,2130
United Republic of Tanzania,27389,2098
United Republic of Tanzania,27389,2134
United Republic of Tanzania,27389,2141
United Republic of Tanzania,27389,2215
United Republic of Tanzania,27389,2132
United Republic of Tanzania,27389,2133
United Republic of Tanzania,27389,2097
United Republic of Tanzania,27389,2200
United Republic of Tanzania,27389,2192
United Republic of Tanzania,27389,2208
United Republic of Tanzania,27329,2098
United Republic of Tanzania,27329,2134
United Republic of Tanzania,27329,2141
United Republic of Tanzania,27329,2215
United Republic of Tanzania,27329,2132
United Republic of Tanzania,27329,2133
United Republic of Tanzania,27329,2097
United Republic of Tanzania,27329,2200
United Republic of Tanzania,27329,2192
United Republic of Tanzania,27329,2208
United Republic of Tanzania,30472,2098
United Republic of Tanzania,30472,2134
United Republic of Tanzania,30472,2141
United Republic of Tanzania,30472,2215
United Republic of Tanzania,30472,2132
United Republic of Tanzania,30472,2133
United Republic of Tanzania,30472,2097
United Republic of Tanzania,30472,2200
United Republic of Tanzania,30472,2192
United Republic of Tanzania,30472,2208
United Republic of Tanzania,30673,2098
United Republic of Tanzania,30673,2134
United Republic of Tanzania,30673,2141
United Republic of Tanzania,30673,2215
United Republic of Tanzania,30673,2132
United Republic of Tanzania,30673,2133
United Republic of Tanzania,30673,2097
United Republic of Tanzania,30673,2200
United Republic of Tanzania,30673,2192
United Republic of Tanzania,30673,2208
United Republic of Tanzania,30876,2098
United Republic of Tanzania,30876,2134
United Republic of Tanzania,30876,2141
United Republic of Tanzania,30876,2215
United Republic of Tanzania,30876,2132
United Republic of Tanzania,30876,2133
United Republic of Tanzania,30876,2097
United Republic of Tanzania,30876,2200
United Republic of Tanzania,30876,2192
United Republic of Tanzania,30876,2208
United Republic of Tanzania,31828,2098
United Republic of Tanzania,31828,2134
United Republic of Tanzania,31828,2141
United Republic of Tanzania,31828,2215
United Republic of Tanzania,31828,2132
United Republic of Tanzania,31828,2133
United Republic of Tanzania,31828,2097
United Republic of Tanzania,31828,2200
United Republic of Tanzania,31828,2192
United Republic of Tanzania,31828,2208
United Republic of Tanzania,36006,2098
United Republic of Tanzania,36006,2134
United Republic of Tanzania,36006,2141
United Republic of Tanzania,36006,2215
United Republic of Tanzania,36006,2132
United Republic of Tanzania,36006,2133
United Republic of Tanzania,36006,2097
United Republic of Tanzania,36006,2200
United Republic of Tanzania,36006,2192
United Republic of Tanzania,36006,2208
United Republic of Tanzania,38424,2098
United Republic of Tanzania,38424,2134
United Republic of Tanzania,38424,2141
United Republic of Tanzania,38424,2215
United Republic of Tanzania,38424,2132
United Republic of Tanzania,38424,2133
United Republic of Tanzania,38424,2097
United Republic of Tanzania,38424,2200
United Republic of Tanzania,38424,2192
United Republic of Tanzania,38424,2208
United Republic of Tanzania,38956,2098
United Republic of Tanzania,38956,2134
United Republic of Tanzania,38956,2141
United Republic of Tanzania,38956,2215
United Republic of Tanzania,38956,2132
United Republic of Tanzania,38956,2133
United Republic of Tanzania,38956,2097
United Republic of Tanzania,38956,2200
United Republic of Tanzania,38956,2192
United Republic of Tanzania,38956,2208
United Republic of Tanzania,40849,2098
United Republic of Tanzania,40849,2134
United Republic of Tanzania,40849,2141
United Republic of Tanzania,40849,2215
United Republic of Tanzania,40849,2132
United Republic of Tanzania,40849,2133
United Republic of Tanzania,40849,2097
United Republic of Tanzania,40849,2200
United Republic of Tanzania,40849,2192
United Republic of Tanzania,40849,2208
Zambia,6310,1866
Zambia,6310,1873
Zambia,6310,1838
Zambia,6310,1781
Zambia,6310,1801
Zambia,6310,1878
Zambia,6310,1904
Zambia,6310,1907
Zambia,6310,1923
Zambia,6310,1930
Zambia,6075,1866
Zambia,6075,1873
Zambia,6075,1838
Zambia,6075,1781
Zambia,6075,1801
Zambia,6075,1878
Zambia,6075,1904
Zambia,6075,1907
Zambia,6075,1923
Zambia,6075,1930
Zambia,6879,1866
Zambia,6879,1873
Zambia,6879,1838
Zambia,6879,1781
Zambia,6879,1801
Zambia,6879,1878
Zambia,6879,1904
Zambia,6879,1907
Zambia,6879,1923
Zambia,6879,1930
Zambia,6743,1866
Zambia,6743,1873
Zambia,6743,1838
Zambia,6743,1781
Zambia,6743,1801
Zambia,6743,1878
Zambia,6743,1904
Zambia,6743,1907
Zambia,6743,1923
Zambia,6743,1930
Zambia,6383,1866
Zambia,6383,1873
Zambia,6383,1838
Zambia,6383,1781
Zambia,6383,1801
Zambia,6383,1878
Zambia,6383,1904
Zambia,6383,1907
Zambia,6383,1923
Zambia,6383,1930
Zambia,8695,1866
Zambia,8695,1873
Zambia,8695,1838
Zambia,8695,1781
Zambia,8695,1801
Zambia,8695,1878
Zambia,8695,1904
Zambia,8695,1907
Zambia,8695,1923
Zambia,8695,1930
Zambia,10089,1866
Zambia,10089,1873
Zambia,10089,1838
Zambia,10089,1781
Zambia,10089,1801
Zambia,10089,1878
Zambia,10089,1904
Zambia,10089,1907
Zambia,10089,1923
Zambia,10089,1930
Zambia,10331,1866
Zambia,10331,1873
Zambia,10331,1838
Zambia,10331,1781
Zambia,10331,1801
Zambia,10331,1878
Zambia,10331,1904
Zambia,10331,1907
Zambia,10331,1923
Zambia,10331,1930
Zambia,10670,1866
Zambia,10670,1873
Zambia,10670,1838
Zambia,10670,1781
Zambia,10670,1801
Zambia,10670,1878
Zambia,10670,1904
Zambia,10670,1907
Zambia,10670,1923
Zambia,10670,1930
Zambia,10526,1866
Zambia,10526,1873
Zambia,10526,1838
Zambia,10526,1781
Zambia,10526,1801
Zambia,10526,1878
Zambia,10526,1904
Zambia,10526,1907
Zambia,10526,1923
Zambia,10526,1930
Zimbabwe,8984,2044
Zimbabwe,8984,2025
Zimbabwe,8984,2115
Zimbabwe,8984,2109
Zimbabwe,8984,2094
Zimbabwe,8984,2147
Zimbabwe,8984,2168
Zimbabwe,8984,2200
Zimbabwe,8984,2197
Zimbabwe,8984,2110
Zimbabwe,7239,2044
Zimbabwe,7239,2025
Zimbabwe,7239,2115
Zimbabwe,7239,2109
Zimbabwe,7239,2094
Zimbabwe,7239,2147
Zimbabwe,7239,2168
Zimbabwe,7239,2200
Zimbabwe,7239,2197
Zimbabwe,7239,2110
Zimbabwe,8225,2044
Zimbabwe,8225,2025
Zimbabwe,8225,2115
Zimbabwe,8225,2109
Zimbabwe,8225,2094
Zimbabwe,8225,2147
Zimbabwe,8225,2168
Zimbabwe,8225,2200
Zimbabwe,8225,2197
Zimbabwe,8225,2110
Zimbabwe,6822,2044
Zimbabwe,6822,2025
Zimbabwe,6822,2115
Zimbabwe,6822,2109
Zimbabwe,6822,2094
Zimbabwe,6822,2147
Zimbabwe,6822,2168
Zimbabwe,6822,2200
Zimbabwe,6822,2197
Zimbabwe,6822,2110
Zimbabwe,5877,2044
Zimbabwe,5877,2025
Zimbabwe,5877,2115
Zimbabwe,5877,2109
Zimbabwe,5877,2094
Zimbabwe,5877,2147
Zimbabwe,5877,2168
Zimbabwe,5877,2200
Zimbabwe,5877,2197
Zimbabwe,5877,2110
Zimbabwe,5754,2044
Zimbabwe,5754,2025
Zimbabwe,5754,2115
Zimbabwe,5754,2109
Zimbabwe,5754,2094
Zimbabwe,5754,2147
Zimbabwe,5754,2168
Zimbabwe,5754,2200
Zimbabwe,5754,2197
Zimbabwe,5754,2110
Zimbabwe,6777,2044
Zimbabwe,6777,2025
Zimbabwe,6777,2115
Zimbabwe,6777,2109
Zimbabwe,6777,2094
Zimbabwe,6777,2147
Zimbabwe,6777,2168
Zimbabwe,6777,2200
Zimbabwe,6777,2197
Zimbabwe,6777,2110
Zimbabwe,7551,2044
Zimbabwe,7551,2025
Zimbabwe,7551,2115
Zimbabwe,7551,2109
Zimbabwe,7551,2094
Zimbabwe,7551,2147
Zimbabwe,7551,2168
Zimbabwe,7551,2200
Zimbabwe,7551,2197
Zimbabwe,7551,2110
Zimbabwe,8173,2044
Zimbabwe,8173,2025
Zimbabwe,8173,2115
Zimbabwe,8173,2109
Zimbabwe,8173,2094
Zimbabwe,8173,2147
Zimbabwe,8173,2168
Zimbabwe,8173,2200
Zimbabwe,8173,2197
Zimbabwe,8173,2110
Zimbabwe,7914,2044
Zimbabwe,7914,2025
Zimbabwe,7914,2115
Zimbabwe,7914,2109
Zimbabwe,7914,2094
Zimbabwe,7914,2147
Zimbabwe,7914,2168
Zimbabwe,7914,2200
Zimbabwe,7914,2197
Zimbabwe,7914,2110
